ci95_high,ci95_low,ci_excludes_zero,clip_frequency,comparison_anchor,dataset,diff_vs_anchor,diff_vs_existing_corrector_mae,diff_vs_fixed_core_mae,diff_vs_full_adaptive_mae,diff_vs_validation,expert_set,label,mae,mean_abs_applied_delta_norm,mean_abs_delta_norm,method,mse,num_residual_stat_updates,result_group,router_train_mae,router_train_mse,router_train_selection_rule,seed_mae_mean,seed_mae_std,seeds,selected_config,selection_protocol,source,source_file,split,status,test_mae,test_mse,validation_mae,validation_mse,variant
,,,,ETTh1 final frozen adaptive test,ETTh1,0.004437148570014368,,,,-0.037241852283477817,DLinear+PatchTST+iTransformer+TimesNet+ModernTCN,,,,,Sequential COSTAR utility_pairwise_weighted,,,sequential_costar_test_evaluation,,,,0.330832439661026,0.00546190254922909,5,,after-final-test audit of existing frozen validation-selected sequential utility-ranking checkpoints; no retraining or tuning,experiments/sequential_costar_test_evaluation/sequential_costar_test_results.csv,,test,after_final_test_audit,0.330832439661026,0.27139766812324523,0.3680742919445038,0.31060675382614134,
,,,,ETTh2 final frozen adaptive test,ETTh2,0.0027677536010742295,,,,0.022894793753717335,DLinear+PatchTST+iTransformer+TimesNet+ModernTCN,,,,,Sequential COSTAR utility_pairwise_weighted,,,sequential_costar_test_evaluation,,,,0.30057589411735536,0.00003194787608972062,5,,after-final-test audit of existing frozen validation-selected sequential utility-ranking checkpoints; no retraining or tuning,experiments/sequential_costar_test_evaluation/sequential_costar_test_results.csv,,test,after_final_test_audit,0.30057589411735536,0.22217110097408294,0.277681100363638,0.1682309559651242,
,,False,,,ETTh1,,,,,-0.037469953298568726,iTransformer,,,,,Best single expert,,,final_frozen_test,,,,,validation-best single reference from frozen fixed-ensemble summary,,,experiments/final_test_evaluation/ETTh1_test_results.csv,,,,clean_preregistered,0.3390795886516571,0.2785514295101166,0.37654954195022583,0.32209450006484985,
,,False,,,ETTh1,,,,,-0.04013678431510925,PatchTST+iTransformer+TimesNet,,,,,Train-selected fixed core,,,final_frozen_test,,,,,core selected on ETTh1 router_train only; equal average,,,experiments/final_test_evaluation/ETTh1_test_results.csv,,,,clean_preregistered,0.3271281123161316,0.26658302545547485,0.36726489663124084,0.3105303645133972,
,,,,Train-selected fixed core,ETTh1,-0.0007328212261200065,,,,-0.03671686053276063,PatchTST+iTransformer+TimesNet+DLinear+ModernTCN,,,,,Full frozen adaptive model,,,final_frozen_test,,,,,,5,,preregistered train-selected core plus frozen hybrid/HV/specialist architecture; five frozen seeds averaged,experiments/final_test_evaluation/ETTh1_test_results.csv,,,clean_preregistered,0.3263952910900116,0.2675091326236725,0.3631121516227722,0.30605703592300415,
,,False,,,ETTh2,,,,,0.020750999450683594,DLinear,,,,,Best single expert,,,final_frozen_test,,,,,canonical validation-best single reference,,,experiments/final_test_evaluation/ETTh2_test_results.csv,,,,clean_preregistered,0.30170753598213196,0.22269397974014282,0.28095653653144836,0.17149297893047333,
,,False,,,ETTh2,,,,,0.023763656616210938,DLinear+PatchTST+ModernTCN,,,,,Train-selected fixed core,,,final_frozen_test,,,,,core selected on ETTh2 router_train only; equal average,,,experiments/final_test_evaluation/ETTh2_test_results.csv,,,,clean_preregistered,0.30464205145835876,0.22518514096736908,0.2808783948421478,0.17193281650543213,
,,,,Train-selected fixed core,ETTh2,-0.006833910942077637,,,,0.020976006984710693,DLinear+PatchTST+ModernTCN,,,,,Full frozen adaptive model,,,final_frozen_test,,,,,preregistered train-selected core plus frozen hybrid/HV/specialist architecture; duplicate specialists disabled,,,experiments/final_test_evaluation/ETTh2_test_results.csv,,,,clean_preregistered,0.29780814051628113,0.21861225366592407,0.27683213353157043,0.16727977991104126,
,,,,Full frozen adaptive model,ETTh2,0.001454859972000122,,,,0.024033963680267334,DLinear+ModernTCN,,,,,DLinear+ModernTCN validation-selected reference,,,final_frozen_test,,,,,validation-selected reference only; not clean train-selected competitor,,,experiments/final_test_evaluation/ETTh2_test_results.csv,,,,validation_selected_reference,0.29926300048828125,0.2218528687953949,0.2752290368080139,0.1653451770544052,
-0.0006429343484342098,-0.0015252961311489344,True,,Train-selected fixed core,ETTh1,-0.0010812878608703613,,,,-0.037270814180374146,PatchTST+iTransformer+TimesNet residual model,,,,,MLP residual corrector,,,frozen_model_test_results,,,,0.32606181502342224,0.00005298687647483031,5,,additional frozen-model test evaluation,experiments/frozen_model_test_results/top_costar_test_results.csv,,,pre_test_frozen,0.32604682445526123,0.2673218250274658,0.3633176386356354,0.306606650352478,
-0.000296501413686201,-0.0011799726635217667,True,,Train-selected fixed core,ETTh1,-0.0007353723049163818,,,,-0.03671941161155701,PatchTST+iTransformer+TimesNet+DLinear+ModernTCN,,,,,Expanded both final frozen,,,frozen_model_test_results,,,,0.3263952910900116,0.00002083939491793644,5,,clean final model replayed inside frozen-model test results,experiments/frozen_model_test_results/top_costar_test_results.csv,,,pre_test_frozen,0.3263927400112152,0.2675056755542755,0.3631121516227722,0.30605703592300415,
-0.0002526821626815945,-0.001135133090429008,True,,Train-selected fixed core,ETTh1,-0.0006906986236572266,,,,-0.03707265853881836,PatchTST+iTransformer+TimesNet+DLinear,,,,,Expanded DLinear only,,,frozen_model_test_results,,,,0.32644000053405764,0.000020058565054529886,5,,additional frozen-model test evaluation,experiments/frozen_model_test_results/top_costar_test_results.csv,,,pre_test_frozen,0.32643741369247437,0.26759278774261475,0.3635100722312927,0.30655738711357117,
-0.0002482351555954665,-0.0011241359170526266,True,,Train-selected fixed core,ETTh1,-0.0006800293922424316,,,,-0.036852896213531494,PatchTST+iTransformer+TimesNet residual model,,,,,Ridge residual corrector,,,frozen_model_test_results,,,,0.3264505386352539,0.000017790729431973435,5,,additional frozen-model test evaluation,experiments/frozen_model_test_results/top_costar_test_results.csv,,,pre_test_frozen,0.32644808292388916,0.2674521803855896,0.36330097913742065,0.3062863349914551,
-0.00022737399558536708,-0.001103186048567295,True,,Train-selected fixed core,ETTh1,-0.0006601512432098389,,,,-0.03696721792221069,PatchTST+iTransformer+TimesNet+ModernTCN,,,,,Expanded ModernTCN only,,,frozen_model_test_results,,,,0.326470547914505,0.000019610466196046872,5,,additional frozen-model test evaluation,experiments/frozen_model_test_results/top_costar_test_results.csv,,,pre_test_frozen,0.32646796107292175,0.26759111881256104,0.36343517899513245,0.3064517080783844,
-0.0002019320527324453,-0.0010760839795693755,True,,Train-selected fixed core,ETTh1,-0.0006348490715026855,,,,-0.03714829683303833,PatchTST+iTransformer+TimesNet,,,,,Horizon-variable hybrid,,,frozen_model_test_results,,,,0.3264958500862122,0.00001930172344248216,5,,additional frozen-model test evaluation,experiments/frozen_model_test_results/top_costar_test_results.csv,,,pre_test_frozen,0.3264932632446289,0.26763829588890076,0.36364156007766724,0.3067120909690857,
-0.00033090030774474144,-0.0008279238827526569,True,,Train-selected fixed core,ETTh1,-0.0005798935890197754,,,,-0.03898566961288452,PatchTST+iTransformer+TimesNet,,,,,Chronological EMA hybrid,,,frozen_model_test_results,,,,0.32659226655960083,0.00006240097626792242,5,,additional frozen-model test evaluation,experiments/frozen_model_test_results/top_costar_test_results.csv,,,pre_test_frozen,0.3265482187271118,0.26664260029792786,0.36553388833999634,0.3083403706550598,
0.00006174301961436868,-0.0006622763467021286,False,,Train-selected fixed core,ETTh1,-0.0002993643283843994,,,,-0.039199501276016235,PatchTST+iTransformer+TimesNet,,,,,Oracle prototype residual,,,frozen_model_test_results,,,,0.32699716091156006,0.0003066113783120191,5,,additional frozen-model test evaluation,experiments/frozen_model_test_results/top_costar_test_results.csv,,,pre_test_frozen,0.3268287479877472,0.2673642635345459,0.3660282492637634,0.308755099773407,
0.0,0.0,False,,Train-selected fixed core,ETTh1,0.0,,,,-0.04013678431510925,PatchTST+iTransformer+TimesNet,,,,,Fixed core equal,,,frozen_model_test_results,,,,,,0,,anchor: train-selected fixed core,experiments/frozen_model_test_results/top_costar_test_results.csv,,,pre_test_frozen,0.3271281123161316,0.26658302545547485,0.36726489663124084,0.3105303645133972,
0.0028381722513586283,0.0014037502696737647,True,,Train-selected fixed core,ETTh1,0.0021211206912994385,,,,-0.03673604130744934,PatchTST+iTransformer+TimesNet,,,,,Dynamic fixed3 seed7,,,frozen_model_test_results,,,,,,1,,additional frozen-model test evaluation,experiments/frozen_model_test_results/top_costar_test_results.csv,,,pre_test_frozen,0.32924923300743103,0.27206283807754517,0.36598527431488037,0.3088900148868561,
-0.003058900125324726,-0.004750141873955727,True,,Single DLinear,ETTh2,-0.00389939546585083,,,,0.020976006984710693,DLinear+PatchTST+ModernTCN,,,,,Full adaptive train-selected fixed3 final frozen,,,frozen_model_test_results,,,,,,,,preregistered final ETTh2 model; train-selected fixed-3 core,experiments/frozen_model_test_results/etth2_top_costar_test_results.csv,,,pre_test_frozen,0.29780814051628113,0.21861225366592407,0.27683213353157043,0.16727977991104126,
-0.0018187797395512462,-0.004762139171361923,True,,Single DLinear,ETTh2,-0.003309786319732666,,,,0.020745575428009033,DLinear+TimesNet,,,,,Fixed2 DLinear+TimesNet reference,,,frozen_model_test_results,,,,,,,,validation-ranked fixed reference,experiments/frozen_model_test_results/etth2_top_costar_test_results.csv,,,pre_test_frozen,0.2983977496623993,0.22192580997943878,0.27765217423439026,0.1678023487329483,
-0.0008434439077973366,-0.004166011232882738,True,,Single DLinear,ETTh2,-0.0025385022163391113,,,,0.022525399923324585,DLinear+TimesNet+ModernTCN,,,,,Fixed3 DLinear+TimesNet+ModernTCN validation-selected reference,,,frozen_model_test_results,,,,,,,,validation-selected fixed-3 reference only,experiments/frozen_model_test_results/etth2_top_costar_test_results.csv,,,pre_test_frozen,0.29916903376579285,0.22392715513706207,0.27664363384246826,0.16693221032619476,
-0.0012171287089586258,-0.0036483556032180786,True,,Single DLinear,ETTh2,-0.002444535493850708,,,,0.024033963680267334,DLinear+ModernTCN,,,,,Fixed2 DLinear+ModernTCN validation-selected reference,,,frozen_model_test_results,,,,,,,,validation-selected reference only,experiments/frozen_model_test_results/etth2_top_costar_test_results.csv,,,pre_test_frozen,0.29926300048828125,0.2218528687953949,0.2752290368080139,0.1653451770544052,
-0.0005703463684767485,-0.0006591207929886878,True,,Single DLinear,ETTh2,-0.0006145834922790527,,,,0.020623385906219482,DLinear,,,,,Full adaptive variable-size core DLinear,,,frozen_model_test_results,,,,,,,,router-train variable-size selected single core; frozen-model test result,experiments/frozen_model_test_results/etth2_top_costar_test_results.csv,,,pre_test_frozen,0.3010929524898529,0.2221386581659317,0.2804695665836334,0.1709725558757782,
0.0,0.0,False,,Single DLinear,ETTh2,0.0,,,,0.020750999450683594,DLinear,,,,,Single DLinear,,,frozen_model_test_results,,,,,,,,canonical validation-best single anchor,experiments/frozen_model_test_results/etth2_top_costar_test_results.csv,,,pre_test_frozen,0.30170753598213196,0.22269397974014282,0.28095653653144836,0.17149297893047333,
0.004071089904755354,0.0018182926578447223,True,,Single DLinear,ETTh2,0.0029345154762268066,,,,0.023763656616210938,DLinear+PatchTST+ModernTCN,,,,,Fixed3 DLinear+PatchTST+ModernTCN train-selected,,,frozen_model_test_results,,,,,,,,router-train selected fixed-3 core,experiments/frozen_model_test_results/etth2_top_costar_test_results.csv,,,pre_test_frozen,0.30464205145835876,0.22518514096736908,0.2808783948421478,0.17193281650543213,
,,,,Best single DLinear,ETTh2,-0.005727499723434448,,,,,DLinear+ModernTCN,,,,,Fixed 2 equal,,,etth2_canonical_validation,,,,,,,,canonical raw fixed subset baseline,experiments/etth2_canonical_protocol/canonical_raw_results.csv,,,validation_only,,,0.2752290368080139,0.1653451770544052,
,,,,Best single DLinear,ETTh2,-0.0043129026889801025,,,,,DLinear+TimesNet+ModernTCN,,,,,Fixed 3 equal,,,etth2_canonical_validation,,,,,,,,canonical raw fixed subset baseline,experiments/etth2_canonical_protocol/canonical_raw_results.csv,,,validation_only,,,0.27664363384246826,0.16693221032619476,
,,,,Best single DLinear,ETTh2,-0.0033043622970581055,,,,,DLinear+TimesNet,,,,,Fixed 2 equal,,,etth2_canonical_validation,,,,,,,,canonical raw fixed subset baseline,experiments/etth2_canonical_protocol/canonical_raw_results.csv,,,validation_only,,,0.27765217423439026,0.1678023487329483,
,,,,Best single DLinear,ETTh2,-0.0032754242420196533,,,,,DLinear+PatchTST+TimesNet+ModernTCN,,,,,Fixed 4 equal,,,etth2_canonical_validation,,,,,,,,canonical raw fixed subset baseline,experiments/etth2_canonical_protocol/canonical_raw_results.csv,,,validation_only,,,0.2776811122894287,0.16823096573352814,
,,,,Best single DLinear,ETTh2,-0.00007814168930053711,,,,,DLinear+PatchTST+ModernTCN,,,,,Fixed 3 equal,,,etth2_canonical_validation,,,,,,,,canonical raw fixed subset baseline,experiments/etth2_canonical_protocol/canonical_raw_results.csv,,,validation_only,,,0.2808783948421478,0.17193281650543213,
,,,,Best single DLinear,ETTh2,0.0,,,,,DLinear,,,,,Single expert,,,etth2_canonical_validation,,,,,,,,canonical raw single expert baseline,experiments/etth2_canonical_protocol/canonical_raw_results.csv,,,validation_only,,,0.28095653653144836,0.17149297893047333,
,,,,Best single DLinear,ETTh2,0.0008666813373565674,,,,,DLinear+PatchTST+TimesNet,,,,,Fixed 3 equal,,,etth2_canonical_validation,,,,,,,,canonical raw fixed subset baseline,experiments/etth2_canonical_protocol/canonical_raw_results.csv,,,validation_only,,,0.28182321786880493,0.17209620773792267,
,,,,Best single DLinear,ETTh2,0.0023521482944488525,,,,,PatchTST+TimesNet+ModernTCN,,,,,Fixed 3 equal,,,etth2_canonical_validation,,,,,,,,canonical raw fixed subset baseline,experiments/etth2_canonical_protocol/canonical_raw_results.csv,,,validation_only,,,0.2833086848258972,0.17327752709388733,
,,,,Best single DLinear,ETTh2,0.005803138017654419,,,,,TimesNet+ModernTCN,,,,,Fixed 2 equal,,,etth2_canonical_validation,,,,,,,,canonical raw fixed subset baseline,experiments/etth2_canonical_protocol/canonical_raw_results.csv,,,validation_only,,,0.2867596745491028,0.17684003710746765,
,,,,Best single DLinear,ETTh2,0.007511883974075317,,,,,ModernTCN,,,,,Single expert,,,etth2_canonical_validation,,,,,,,,canonical raw single expert baseline,experiments/etth2_canonical_protocol/canonical_raw_results.csv,,,validation_only,,,0.2884684205055237,0.17818495631217957,
,,,,Best single DLinear,ETTh2,0.009930729866027832,,,,,PatchTST+ModernTCN,,,,,Fixed 2 equal,,,etth2_canonical_validation,,,,,,,,canonical raw fixed subset baseline,experiments/etth2_canonical_protocol/canonical_raw_results.csv,,,validation_only,,,0.2908872663974762,0.1817578375339508,
,,,,Best single DLinear,ETTh2,0.011920958757400513,,,,,PatchTST+TimesNet,,,,,Fixed 2 equal,,,etth2_canonical_validation,,,,,,,,canonical raw fixed subset baseline,experiments/etth2_canonical_protocol/canonical_raw_results.csv,,,validation_only,,,0.2928774952888489,0.18209275603294373,
,,,,Best single DLinear,ETTh2,0.0133553147315979,,,,,DLinear+PatchTST,,,,,Fixed 2 equal,,,etth2_canonical_validation,,,,,,,,canonical raw fixed subset baseline,experiments/etth2_canonical_protocol/canonical_raw_results.csv,,,validation_only,,,0.29431185126304626,0.1864645928144455,
,,,,Best single DLinear,ETTh2,0.016522705554962158,,,,,TimesNet,,,,,Single expert,,,etth2_canonical_validation,,,,,,,,canonical raw single expert baseline,experiments/etth2_canonical_protocol/canonical_raw_results.csv,,,validation_only,,,0.2974792420864105,0.18788260221481323,
,,,,Best single DLinear,ETTh2,0.01699727773666382,,,,,DLinear+iTransformer+TimesNet+ModernTCN,,,,,Fixed 4 equal,,,etth2_canonical_validation,,,,,,,,canonical raw fixed subset baseline,experiments/etth2_canonical_protocol/canonical_raw_results.csv,,,validation_only,,,0.2979538142681122,0.19758206605911255,
,,,,Best single DLinear,ETTh2,0.019815683364868164,,,,,DLinear+PatchTST+iTransformer+TimesNet+ModernTCN,,,,,Fixed 5 equal,,,etth2_canonical_validation,,,,,,,,canonical raw fixed subset baseline,experiments/etth2_canonical_protocol/canonical_raw_results.csv,,,validation_only,,,0.30077221989631653,0.2008334994316101,
,,,,Best single DLinear,ETTh2,0.033692628145217896,,,,,PatchTST+iTransformer+TimesNet+ModernTCN,,,,,Fixed 4 equal,,,etth2_canonical_validation,,,,,,,,canonical raw fixed subset baseline,experiments/etth2_canonical_protocol/canonical_raw_results.csv,,,validation_only,,,0.31464916467666626,0.22113017737865448,
,,,,Best single DLinear,ETTh2,0.034539252519607544,,,,,DLinear+iTransformer+TimesNet,,,,,Fixed 3 equal,,,etth2_canonical_validation,,,,,,,,canonical raw fixed subset baseline,experiments/etth2_canonical_protocol/canonical_raw_results.csv,,,validation_only,,,0.3154957890510559,0.22426819801330566,
,,,,Best single DLinear,ETTh2,0.034675389528274536,,,,,DLinear+PatchTST+iTransformer+TimesNet,,,,,Fixed 4 equal,,,etth2_canonical_validation,,,,,,,,canonical raw fixed subset baseline,experiments/etth2_canonical_protocol/canonical_raw_results.csv,,,validation_only,,,0.3156319260597229,0.2228931039571762,
,,,,Best single DLinear,ETTh2,0.0347437858581543,,,,,DLinear+iTransformer+ModernTCN,,,,,Fixed 3 equal,,,etth2_canonical_validation,,,,,,,,canonical raw fixed subset baseline,experiments/etth2_canonical_protocol/canonical_raw_results.csv,,,validation_only,,,0.31570032238960266,0.22592099010944366,
,,,,Best single DLinear,ETTh2,0.03474387526512146,,,,,iTransformer+TimesNet+ModernTCN,,,,,Fixed 3 equal,,,etth2_canonical_validation,,,,,,,,canonical raw fixed subset baseline,experiments/etth2_canonical_protocol/canonical_raw_results.csv,,,validation_only,,,0.3157004117965698,0.22396954894065857,
,,,,Best single DLinear,ETTh2,0.0348241925239563,,,,,DLinear+PatchTST+iTransformer+ModernTCN,,,,,Fixed 4 equal,,,etth2_canonical_validation,,,,,,,,canonical raw fixed subset baseline,experiments/etth2_canonical_protocol/canonical_raw_results.csv,,,validation_only,,,0.31578072905540466,0.2243451476097107,
,,,,Best single DLinear,ETTh2,0.05533352494239807,,,,,PatchTST,,,,,Single expert,,,etth2_canonical_validation,,,,,,,,canonical raw single expert baseline,experiments/etth2_canonical_protocol/canonical_raw_results.csv,,,validation_only,,,0.33629006147384644,0.2371973991394043,
,,,,Best single DLinear,ETTh2,0.06094539165496826,,,,,PatchTST+iTransformer+TimesNet,,,,,Fixed 3 equal,,,etth2_canonical_validation,,,,,,,,canonical raw fixed subset baseline,experiments/etth2_canonical_protocol/canonical_raw_results.csv,,,validation_only,,,0.3419019281864166,0.2661374807357788,
,,,,Best single DLinear,ETTh2,0.0610617995262146,,,,,PatchTST+iTransformer+ModernTCN,,,,,Fixed 3 equal,,,etth2_canonical_validation,,,,,,,,canonical raw fixed subset baseline,experiments/etth2_canonical_protocol/canonical_raw_results.csv,,,validation_only,,,0.34201833605766296,0.26873350143432617,
,,,,Best single DLinear,ETTh2,0.06492897868156433,,,,,DLinear+PatchTST+iTransformer,,,,,Fixed 3 equal,,,etth2_canonical_validation,,,,,,,,canonical raw fixed subset baseline,experiments/etth2_canonical_protocol/canonical_raw_results.csv,,,validation_only,,,0.3458855152130127,0.2751407027244568,
,,,,Best single DLinear,ETTh2,0.07549157738685608,,,,,iTransformer+TimesNet,,,,,Fixed 2 equal,,,etth2_canonical_validation,,,,,,,,canonical raw fixed subset baseline,experiments/etth2_canonical_protocol/canonical_raw_results.csv,,,validation_only,,,0.35644811391830444,0.2961324453353882,
,,,,Best single DLinear,ETTh2,0.07556101679801941,,,,,iTransformer+ModernTCN,,,,,Fixed 2 equal,,,etth2_canonical_validation,,,,,,,,canonical raw fixed subset baseline,experiments/etth2_canonical_protocol/canonical_raw_results.csv,,,validation_only,,,0.3565175533294678,0.2998839318752289,
,,,,Best single DLinear,ETTh2,0.08015790581703186,,,,,DLinear+iTransformer,,,,,Fixed 2 equal,,,etth2_canonical_validation,,,,,,,,canonical raw fixed subset baseline,experiments/etth2_canonical_protocol/canonical_raw_results.csv,,,validation_only,,,0.3611144423484802,0.30792051553726196,
,,,,Best single DLinear,ETTh2,0.1252979040145874,,,,,PatchTST+iTransformer,,,,,Fixed 2 equal,,,etth2_canonical_validation,,,,,,,,canonical raw fixed subset baseline,experiments/etth2_canonical_protocol/canonical_raw_results.csv,,,validation_only,,,0.40625444054603577,0.40426206588745117,
,,,,Best single DLinear,ETTh2,0.22239938378334045,,,,,iTransformer,,,,,Single expert,,,etth2_canonical_validation,,,,,,,,canonical raw single expert baseline,experiments/etth2_canonical_protocol/canonical_raw_results.csv,,,validation_only,,,0.5033559203147888,0.7096318602561951,
,,,,Train-selected fixed3,ETTh2,-0.004046261310577393,,,,,DLinear+PatchTST+ModernTCN,,,,,Train-selected full current-best model,,,etth2_train_selected_core,,,,,,,,router-train fixed-three selection then frozen adaptive architecture; no ETTh2 validation tuning,experiments/etth2_train_selected_core/final_report.json,,,validation_only,,,0.27683213353157043,0.16727977991104126,
,,,,,ETTh2,,,,,,DLinear+PatchTST+ModernTCN,,,,,Router-train selected fixed3 OOF,,,etth2_train_selected_core,,,,,,,,chronological OOF on ETTh2 router_train only,experiments/etth2_train_selected_core/final_report.json,,,router_train_oof,,,0.2846583127975464,0.18171773850917816,
,,,,Selected DLinear core,ETTh2,-0.0004869699478149414,,,,,DLinear,,,,,Train-selected variable-core full model,,,etth2_variable_core,,,,,,,,router-train variable-size core selection then frozen adaptive architecture; no ETTh2 validation tuning,experiments/etth2_train_selected_variable_core/final_report.json,,,validation_only,,,0.2804695665836334,0.1709725558757782,
,,,,,ETTh2,,,,,,DLinear,,,,,Router-train selected variable core OOF,,,etth2_variable_core,,,,,,,,chronological OOF on ETTh2 router_train only; rounded value from project memory,experiments/etth2_train_selected_variable_core/final_report.json,,,router_train_oof,,,0.283464,0.182616,
,,,,Best fixed2 DLinear+ModernTCN,ETTh2,0.0024520635556241,,,,,DLinear+PatchTST+TimesNet+ModernTCN,,,,,Sequential COSTAR utility_pairwise_weighted,,,sequential_costar_validation,,,,5,0.277681100363638,,,0.00000000032344119164084995,full sequential utility-pairwise weighted; average queries 4.0,,,validation_only,,,0.277681100363638,0.1682309559651242,
,,,,Best fixed2 DLinear+ModernTCN,ETTh2,0.0017175853252411,,,,,DLinear+ModernTCN mostly,,,,,Pair selector aggregate,,,pair_selector_validation,,,,5,0.276946622133255,,,0.00343517065048218,5-seed pair selector; seed13 unstable; four seeds selected DLinear+ModernTCN,,,validation_only,,,0.276946622133255,0.167002373933792,
,,,,Best fixed2 DLinear+ModernTCN,ETTh2,0.0,,,,,DLinear+ModernTCN,,,,,Pair selector seed 7,,,pair_selector_validation,,,,1,,,,,pair selector selected DLinear+ModernTCN for all validation windows,,,validation_only,,,0.2752290368080139,0.1653451770544052,
,,,,Best fixed2 DLinear+ModernTCN,ETTh2,0.0,,,,,DLinear+ModernTCN,,,,,Pair selector seed 11,,,pair_selector_validation,,,,1,,,,,pair selector selected DLinear+ModernTCN for all validation windows,,,validation_only,,,0.2752290368080139,0.1653451770544052,
,,,,Best fixed2 DLinear+ModernTCN,ETTh2,0.008587926626205444,,,,,mixed pairs,,,,,Pair selector seed 13,,,pair_selector_validation,,,,1,,,,,unstable pair selector seed; mixed selected pairs and worse than fixed pair,,,validation_only,,,0.28381696343421936,0.17363116145133972,
,,,,Best fixed2 DLinear+ModernTCN,ETTh2,0.0,,,,,DLinear+ModernTCN,,,,,Pair selector seed 17,,,pair_selector_validation,,,,1,,,,,pair selector selected DLinear+ModernTCN for all validation windows,,,validation_only,,,0.2752290368080139,0.1653451770544052,
,,,,Best fixed2 DLinear+ModernTCN,ETTh2,0.0,,,,,DLinear+ModernTCN,,,,,Pair selector seed 19,,,pair_selector_validation,,,,1,,,,,pair selector selected DLinear+ModernTCN for all validation windows,,,validation_only,,,0.2752290368080139,0.1653451770544052,
,,,,Best fixed2 DLinear+ModernTCN,ETTh2,-0.013259,,,,,oracle pair,,,,,Per-window oracle pair,,,pair_potential_validation,,,,,,,,oracle diagnostic; not deployable,results/router_summary/costarts_fresh/ETTh2_96_12/pair_potential/pair_potential_report.md,,,diagnostic_or_router_train_fitted,,,0.261970,0.152997,
,,,,Best single DLinear,ETTh2,-0.017296,,,,,oracle expert,,,,,Per-window oracle expert,,,pair_potential_validation,,,,,,,,oracle diagnostic; not deployable,results/router_summary/costarts_fresh/ETTh2_96_12/pair_potential/pair_potential_report.md,,,diagnostic_or_router_train_fitted,,,0.263661,0.154336,
,,,,Best fixed2 DLinear+ModernTCN,ETTh2,-0.000474,,,,,all five experts,,,,,Nonnegative simplex linear average,,,pair_potential_validation,,,,,,,,router-train fitted diagnostic from pair potential report,results/router_summary/costarts_fresh/ETTh2_96_12/pair_potential/pair_potential_report.md,,,validation_only,,,0.274755,0.165479,
,,,,Best fixed2 DLinear+ModernTCN,ETTh2,0.001473,,,,,all five experts,,,,,Ridge linear stacker,,,pair_potential_validation,,,,,,,,router-train fitted diagnostic from pair potential report,results/router_summary/costarts_fresh/ETTh2_96_12/pair_potential/pair_potential_report.md,,,validation_only,,,0.276702,0.165339,
,,,,,ETTh2,,,,,,PatchTST+iTransformer+TimesNet,,,,,Equal fixed3 available baseline,,,limited_replication_validation,,,,,,,,normalized diagnostic scale; not canonical raw router-summary metric,experiments/multidataset_replication_costar/ETTh2_validation_results.csv,,,normalized_diagnostic,,,0.09833905845880508,0.038581494241952896,
-0.004820279777050018,-0.00512140616774559,True,,Equal fixed3 available baseline,ETTh2,-0.0049700126983225346,,,,,PatchTST+iTransformer+TimesNet+DLinear+ModernTCN,,,,,Locked ETTh1 expanded both limited,,,limited_replication_validation,,,,,,,,normalized diagnostic scale; locked ETTh1 specialist config,experiments/multidataset_replication_costar/ETTh2_validation_results.csv,,,normalized_diagnostic,,,0.09336903691291809,0.03417007252573967,
-0.004949454218149185,-0.005252609495073557,True,,Equal fixed3 available baseline,ETTh2,-0.00510005559772253,,,,,PatchTST+iTransformer+TimesNet+DLinear+ModernTCN,,,,,Selected predefined limited,,,limited_replication_validation,,,,,,,,normalized diagnostic scale; predefined limited specialist config,experiments/multidataset_replication_costar/ETTh2_validation_results.csv,,,normalized_diagnostic,,,0.09323900192975998,0.03415650501847267,
,,,,,ETTh2,,,,,,DLinear+PatchTST+ModernTCN,,,,,Full adaptive model,,,frozen_model_test_results,,,,,,,,ETTh2 frozen full adaptive model; DLinear/ModernTCN duplicate specialists disabled.,experiments/frozen_model_test_results/matched_etth1_etth2_results.csv,,,pre_test_frozen,0.29780814051628113,0.21861225366592407,0.27683213353157043,,
,,,,,ETTh2,,,,,,DLinear+PatchTST+ModernTCN,,,,,Expanded DLinear only,,,frozen_model_test_results,,,,,,,,"Not a distinct ETTh2 model: DLinear is already in the selected core, so the duplicate specialist is disabled.",experiments/frozen_model_test_results/matched_etth1_etth2_results.csv,,,pre_test_frozen,0.29780814051628113,0.21861225366592407,0.27683213353157043,,
,,,,,ETTh2,,,,,,DLinear+PatchTST+ModernTCN,,,,,Expanded ModernTCN only,,,frozen_model_test_results,,,,,,,,"Not a distinct ETTh2 model: ModernTCN is already in the selected core, so the duplicate specialist is disabled.",experiments/frozen_model_test_results/matched_etth1_etth2_results.csv,,,pre_test_frozen,0.29780814051628113,0.21861225366592407,0.27683213353157043,,
,,,,,ETTh2,,,,,,DLinear+PatchTST+ModernTCN,,,,,Horizon-variable hybrid,,,frozen_model_test_results,,,,,,,,ETTh2 horizon-variable hybrid analogue; same prediction as full model because duplicate specialists are disabled.,experiments/frozen_model_test_results/matched_etth1_etth2_results.csv,,,pre_test_frozen,0.29780814051628113,0.21861225366592407,0.27683213353157043,,
,,,,,ETTh2,,,,,,DLinear+PatchTST+ModernTCN,,,,,Chronological EMA hybrid,,,frozen_model_test_results,,,,,,,,ETTh2 chronological EMA analogue over train-selected core.,experiments/frozen_model_test_results/matched_etth1_etth2_results.csv,,,pre_test_frozen,0.30168887972831726,0.22237081825733185,0.27880561351776123,,
,,,,,ETTh2,,,,,,DLinear+PatchTST+ModernTCN,,,,,Fixed-three core,,,frozen_model_test_results,,,,,,,,ETTh2 router-train selected fixed-three equal core.,experiments/frozen_model_test_results/matched_etth1_etth2_results.csv,,,pre_test_frozen,0.30464205145835876,0.22518514096736908,0.2808783948421478,,
,,,,,ETTh2,,,,,,DLinear,,,,,Best single,,,frozen_model_test_results,,,,,,,,ETTh2 best single expert.,experiments/frozen_model_test_results/matched_etth1_etth2_results.csv,,,pre_test_frozen,0.30170753598213196,0.22269397974014282,0.28095653653144836,,
,,,,ETTh2 full adaptive test,ETTh2,-0.0004946887493133545,,,,0.021275192499160767,DLinear+PatchTST+ModernTCN,,,,,Ridge residual corrector,,,locked_etth1_config_etth2_replication,,,,,,1,,ETTh1 locked configuration ported to ETTh2; fitted on ETTh2 router_train only; test evaluated once after manifest,,experiments/locked_etth1_config_etth2_replication/test_results.csv,test,locked_etth1_config_etth2_replication,0.2973134517669678,0.2181873470544815,0.276038259267807,0.1665598452091217,
,,,,ETTh2 full adaptive test,ETTh2,-0.0005538463592529297,,,,0.02112555503845215,DLinear+PatchTST+ModernTCN,,,,,MLP residual corrector,,,locked_etth1_config_etth2_replication,,,,0.29726262092590333,4.092391103468772e-05,5,,ETTh1 locked configuration ported to ETTh2; fitted on ETTh2 router_train only; test evaluated once after manifest,,experiments/locked_etth1_config_etth2_replication/test_results.csv,test,locked_etth1_config_etth2_replication,0.2972542941570282,0.21830327808856964,0.27612873911857605,0.1666449010372162,
,,,,ETTh2 full adaptive test,ETTh2,0.0033771395683288574,,,,0.02478167414665222,DLinear+PatchTST+ModernTCN,,,,,Oracle prototype residual,,,locked_etth1_config_etth2_replication,,,,0.301363068819046,0.0008212938669211552,5,,ETTh1 locked configuration ported to ETTh2; fitted on ETTh2 router_train only; test evaluated once after manifest,,experiments/locked_etth1_config_etth2_replication/test_results.csv,test,locked_etth1_config_etth2_replication,0.30118528008461,0.22271926701068878,0.27640360593795776,0.16729576885700226,
,,,,ETTh2 full adaptive test,ETTh2,-0.00041028857231140137,,,,0.02201858162879944,DLinear+PatchTST+ModernTCN,,,,,"Dynamic fixed-three, seed 7",,,locked_etth1_config_etth2_replication,,,,,,1,,ETTh1 locked configuration ported to ETTh2; fitted on ETTh2 router_train only; test evaluated once after manifest,,experiments/locked_etth1_config_etth2_replication/test_results.csv,test,locked_etth1_config_etth2_replication,0.2973978519439697,0.21829427778720856,0.2753792703151703,0.1660275161266327,
,,,,ETTh2 full adaptive test,ETTh2,-0.0010211467742919922,,,,0.021750926971435547,DLinear+PatchTST+ModernTCN,,,,,Ridge residual corrector,,,etth2_validation_tuned,,,,,,1,,"ETTh2 validation-tuned; router_train training, router_val config/checkpoint selection, test once after tuned freeze",,experiments/etth2_validation_tuned_missing_methods/test_results.csv,test,etth2_validation_tuned,0.29678699374198914,0.21771253645420074,0.2750360667705536,0.1656191200017929,
,,,,ETTh2 full adaptive test,ETTh2,-0.0007668435573577881,,,,0.021398097276687622,DLinear+PatchTST+ModernTCN,,,,,MLP residual corrector,,,etth2_validation_tuned,,,,,,5,,"ETTh2 validation-tuned; router_train training, router_val config/checkpoint selection, test once after tuned freeze",,experiments/etth2_validation_tuned_missing_methods/test_results.csv,test,etth2_validation_tuned,0.29704129695892334,0.21814896166324615,0.2756431996822357,0.16614720225334167,
,,,,ETTh2 full adaptive test,ETTh2,0.0006673336029052734,,,,0.023646950721740723,DLinear+PatchTST+ModernTCN,,,,,Oracle prototype residual,,,etth2_validation_tuned,,,,,,5,,"ETTh2 validation-tuned; router_train training, router_val config/checkpoint selection, test once after tuned freeze",,experiments/etth2_validation_tuned_missing_methods/test_results.csv,test,etth2_validation_tuned,0.2984754741191864,0.21989353001117706,0.2748285233974457,0.16553811728954315,
,,,,ETTh2 full adaptive test,ETTh2,0.00027111172676086426,,,,0.023333221673965454,DLinear+PatchTST+ModernTCN,,,,,"Dynamic fixed-three, seed 7",,,etth2_validation_tuned,,,,,,1,,"ETTh2 validation-tuned; router_train training, router_val config/checkpoint selection, test once after tuned freeze",,experiments/etth2_validation_tuned_missing_methods/test_results.csv,test,etth2_validation_tuned,0.298079252243042,0.2195206582546234,0.27474603056907654,0.16534987092018127,
,,,,ETTh2 full adaptive test,ETTh2,-0.0006881058216094971,,,,0.022364795207977295,DLinear+PatchTST+iTransformer+TimesNet+ModernTCN,,,,,nonnegative_simplex_linear_average,,,etth2_pair_potential_test_evaluation,,,,,,,,router-train fitted pair-potential linear ensemble; validation reported before this after-final-test audit; no test-data feedback,pair_potential_after_final_test_audit,C:\Users\luwil\OneDrive\Documents\Code\BasicTS\experiments\etth2_pair_potential_test_evaluation\test_results.csv,test,after_final_test_audit,0.29712003469467163,0.2185872495174408,0.27475523948669434,0.16547942161560059,
,,,,ETTh2 full adaptive test,ETTh2,0.0005741715431213379,,,,0.021680623292922974,DLinear+PatchTST+iTransformer+TimesNet+ModernTCN,,,,,ridge_linear_stacker,,,etth2_pair_potential_test_evaluation,,,,,,,,router-train fitted pair-potential linear ensemble; validation reported before this after-final-test audit; no test-data feedback,pair_potential_after_final_test_audit,C:\Users\luwil\OneDrive\Documents\Code\BasicTS\experiments\etth2_pair_potential_test_evaluation\test_results.csv,test,after_final_test_audit,0.29838231205940247,0.2182009071111679,0.2767016887664795,0.1653389185667038,
,,,,ETTh1 full adaptive test,ETTh1,0.0005302250385284535,,,,-0.039557963609695435,DLinear+PatchTST+iTransformer+TimesNet+ModernTCN,,,,,nonnegative_simplex_linear_average,,,etth1_simplex_linear_test_evaluation,,,,,,,,router-train fitted nonnegative simplex all-five linear ensemble; no test-data feedback,etth1_simplex_after_final_test_audit,C:\Users\luwil\OneDrive\Documents\Code\BasicTS\experiments\etth1_simplex_linear_test_evaluation\test_results.csv,test,after_final_test_audit,0.32692551612854004,0.2677127718925476,0.3664834797382355,0.30848410725593567,
,,,,existing corresponding residual corrector,ETTh1,0.001574099063873291,,,,,PatchTST+iTransformer+TimesNet,,,,,Pooled-selection Ridge residual corrector,,,pooled_router_train_residual_correctors,,,,,,,,"pooled router_train MAE, pooled MSE tie-breaker; no folds",C:\Users\luwil\OneDrive\Documents\Code\BasicTS\experiments\pooled_router_train_residual_correctors\pooled_router_train_residual_results.csv,C:\Users\luwil\OneDrive\Documents\Code\BasicTS\experiments\pooled_router_train_residual_correctors\pooled_router_train_residual_results.csv,,after_final_test_audit,0.32802218198776245,0.26792997121810913,0.3630884289741516,0.30548450350761414,
,,,,existing corresponding residual corrector,ETTh1,-8.26418399810791e-05,,,,,PatchTST+iTransformer+TimesNet,,,,,Pooled-selection MLP residual corrector,,,pooled_router_train_residual_correctors,,,,,,,,"pooled router_train MAE, pooled MSE tie-breaker; no folds",C:\Users\luwil\OneDrive\Documents\Code\BasicTS\experiments\pooled_router_train_residual_correctors\pooled_router_train_residual_results.csv,C:\Users\luwil\OneDrive\Documents\Code\BasicTS\experiments\pooled_router_train_residual_correctors\pooled_router_train_residual_results.csv,,after_final_test_audit,0.32596418261528015,0.2665867209434509,0.3641106188297272,0.30735886096954346,
,,,,existing corresponding residual corrector,ETTh2,0.0,,,,,DLinear+PatchTST+ModernTCN,,,,,Pooled-selection Ridge residual corrector,,,pooled_router_train_residual_correctors,,,,,,,,"pooled router_train MAE, pooled MSE tie-breaker; no folds",C:\Users\luwil\OneDrive\Documents\Code\BasicTS\experiments\pooled_router_train_residual_correctors\pooled_router_train_residual_results.csv,C:\Users\luwil\OneDrive\Documents\Code\BasicTS\experiments\pooled_router_train_residual_correctors\pooled_router_train_residual_results.csv,,after_final_test_audit,0.29678699374198914,0.21771253645420074,0.2750360667705536,0.1656191200017929,
,,,,existing corresponding residual corrector,ETTh2,0.0003857612609863281,,,,,DLinear+PatchTST+ModernTCN,,,,,Pooled-selection MLP residual corrector,,,pooled_router_train_residual_correctors,,,,,,,,"pooled router_train MAE, pooled MSE tie-breaker; no folds",C:\Users\luwil\OneDrive\Documents\Code\BasicTS\experiments\pooled_router_train_residual_correctors\pooled_router_train_residual_results.csv,C:\Users\luwil\OneDrive\Documents\Code\BasicTS\experiments\pooled_router_train_residual_correctors\pooled_router_train_residual_results.csv,,after_final_test_audit,0.29742705821990967,0.2184053361415863,0.2759745419025421,0.16664865612983704,
,,,,old preregistered full adaptive test,ETTh1,0.000012648105621348993,,-0.0007201731204986572,0.000012648105621348993,-0.03669238090515137,PatchTST+iTransformer+TimesNet+DLinear+ModernTCN,main_active_equal_static,,,,Main active ETTh1 full adaptive COSTAR,,2761,equal_static_costar_test_audit,,,router_train selected core,0.32640793919563293,0.0,"7,11,13,17,19",equal_static_all_triples+hybrid_chrono_hvema_lowrank1_decay0.95_temp0.1_alpha0.75+both_variable_decay0.95_cap0.1_marginbp200_warm96,active main equal-static full adaptive path; after-final-test audit; no test-data feedback; old preregistered row retained as historical reference,experiments/equal_static_costar_test_audit/EQUAL_STATIC_ETTH1_TEST_AUDIT.json,experiments/equal_static_costar_test_audit/EQUAL_STATIC_ETTH1_TEST_AUDIT.json,test,after_final_test_audit_main_active,0.32640793919563293,0.26737847924232483,0.3631003201007843,0.30602556467056274,equal_static_main_active
