ablation_family,config,dataset,fold_mae,fold_mse,fold_rows,method
global_vs_horizon_variable,"{'method': 'Granger-Ramanathan', 'structure': 'global', 'alpha': 0.0, 'variant': 'canonical_ols'}",ETTh1,0.35190847516059875,0.2651525139808655,"[{'fold': 0, 'train_lo': 0, 'train_hi': 1109, 'eval_lo': 1109, 'eval_hi': 2218, 'mae': 0.3114302158355713, 'mse': 0.18536008894443512}, {'fold': 1, 'train_lo': 0, 'train_hi': 2218, 'eval_lo': 2218, 'eval_hi': 3327, 'mae': 0.3442579209804535, 'mse': 0.2479335516691208}, {'fold': 2, 'train_lo': 0, 'train_hi': 3327, 'eval_lo': 3327, 'eval_hi': 4436, 'mae': 0.40906772017478943, 'mse': 0.37079793214797974}, {'fold': 3, 'train_lo': 0, 'train_hi': 4436, 'eval_lo': 4436, 'eval_hi': 5546, 'mae': 0.34288644790649414, 'mse': 0.25652605295181274}]",Granger-Ramanathan
global_vs_horizon_variable,"{'method': 'Granger-Ramanathan', 'structure': 'horizon_variable', 'alpha': 0.0, 'variant': 'canonical_ols'}",ETTh1,0.3488854169845581,0.26214155554771423,"[{'fold': 0, 'train_lo': 0, 'train_hi': 1109, 'eval_lo': 1109, 'eval_hi': 2218, 'mae': 0.31288233399391174, 'mse': 0.18944379687309265}, {'fold': 1, 'train_lo': 0, 'train_hi': 2218, 'eval_lo': 2218, 'eval_hi': 3327, 'mae': 0.34007728099823, 'mse': 0.24337366223335266}, {'fold': 2, 'train_lo': 0, 'train_hi': 3327, 'eval_lo': 3327, 'eval_hi': 4436, 'mae': 0.3983910381793976, 'mse': 0.3586390018463135}, {'fold': 3, 'train_lo': 0, 'train_hi': 4436, 'eval_lo': 4436, 'eval_hi': 5546, 'mae': 0.344195157289505, 'mse': 0.2571142911911011}]",Granger-Ramanathan
global_vs_horizon_variable,"{'method': 'Granger-Ramanathan', 'structure': 'global', 'alpha': 0.0001, 'variant': 'ridge_extension'}",ETTh1,0.35190847516059875,0.2651525139808655,"[{'fold': 0, 'train_lo': 0, 'train_hi': 1109, 'eval_lo': 1109, 'eval_hi': 2218, 'mae': 0.3114302158355713, 'mse': 0.18536008894443512}, {'fold': 1, 'train_lo': 0, 'train_hi': 2218, 'eval_lo': 2218, 'eval_hi': 3327, 'mae': 0.3442579209804535, 'mse': 0.24793358147144318}, {'fold': 2, 'train_lo': 0, 'train_hi': 3327, 'eval_lo': 3327, 'eval_hi': 4436, 'mae': 0.40906772017478943, 'mse': 0.37079793214797974}, {'fold': 3, 'train_lo': 0, 'train_hi': 4436, 'eval_lo': 4436, 'eval_hi': 5546, 'mae': 0.34288644790649414, 'mse': 0.25652605295181274}]",Granger-Ramanathan
global_vs_horizon_variable,"{'method': 'Granger-Ramanathan', 'structure': 'horizon_variable', 'alpha': 0.0001, 'variant': 'ridge_extension'}",ETTh1,0.34888535737991333,0.26214155554771423,"[{'fold': 0, 'train_lo': 0, 'train_hi': 1109, 'eval_lo': 1109, 'eval_hi': 2218, 'mae': 0.31288227438926697, 'mse': 0.18944375216960907}, {'fold': 1, 'train_lo': 0, 'train_hi': 2218, 'eval_lo': 2218, 'eval_hi': 3327, 'mae': 0.34007728099823, 'mse': 0.24337366223335266}, {'fold': 2, 'train_lo': 0, 'train_hi': 3327, 'eval_lo': 3327, 'eval_hi': 4436, 'mae': 0.3983910083770752, 'mse': 0.3586390018463135}, {'fold': 3, 'train_lo': 0, 'train_hi': 4436, 'eval_lo': 4436, 'eval_hi': 5546, 'mae': 0.344195157289505, 'mse': 0.2571142613887787}]",Granger-Ramanathan
global_vs_horizon_variable,"{'method': 'Granger-Ramanathan', 'structure': 'global', 'alpha': 0.01, 'variant': 'ridge_extension'}",ETTh1,0.35190850496292114,0.2651524543762207,"[{'fold': 0, 'train_lo': 0, 'train_hi': 1109, 'eval_lo': 1109, 'eval_hi': 2218, 'mae': 0.3114302158355713, 'mse': 0.18536007404327393}, {'fold': 1, 'train_lo': 0, 'train_hi': 2218, 'eval_lo': 2218, 'eval_hi': 3327, 'mae': 0.3442579209804535, 'mse': 0.2479335516691208}, {'fold': 2, 'train_lo': 0, 'train_hi': 3327, 'eval_lo': 3327, 'eval_hi': 4436, 'mae': 0.40906769037246704, 'mse': 0.37079793214797974}, {'fold': 3, 'train_lo': 0, 'train_hi': 4436, 'eval_lo': 4436, 'eval_hi': 5546, 'mae': 0.34288644790649414, 'mse': 0.25652605295181274}]",Granger-Ramanathan
global_vs_horizon_variable,"{'method': 'Granger-Ramanathan', 'structure': 'horizon_variable', 'alpha': 0.01, 'variant': 'ridge_extension'}",ETTh1,0.3488840162754059,0.26214051246643066,"[{'fold': 0, 'train_lo': 0, 'train_hi': 1109, 'eval_lo': 1109, 'eval_hi': 2218, 'mae': 0.31287893652915955, 'mse': 0.18944068253040314}, {'fold': 1, 'train_lo': 0, 'train_hi': 2218, 'eval_lo': 2218, 'eval_hi': 3327, 'mae': 0.34007635712623596, 'mse': 0.24337320029735565}, {'fold': 2, 'train_lo': 0, 'train_hi': 3327, 'eval_lo': 3327, 'eval_hi': 4436, 'mae': 0.39839068055152893, 'mse': 0.3586388826370239}, {'fold': 3, 'train_lo': 0, 'train_hi': 4436, 'eval_lo': 4436, 'eval_hi': 5546, 'mae': 0.3441944122314453, 'mse': 0.2571137845516205}]",Granger-Ramanathan
global_vs_horizon_variable,"{'method': 'Granger-Ramanathan', 'structure': 'global', 'alpha': 1.0, 'variant': 'ridge_extension'}",ETTh1,0.35190799832344055,0.2651519179344177,"[{'fold': 0, 'train_lo': 0, 'train_hi': 1109, 'eval_lo': 1109, 'eval_hi': 2218, 'mae': 0.31142866611480713, 'mse': 0.18535850942134857}, {'fold': 1, 'train_lo': 0, 'train_hi': 2218, 'eval_lo': 2218, 'eval_hi': 3327, 'mae': 0.3442574441432953, 'mse': 0.24793311953544617}, {'fold': 2, 'train_lo': 0, 'train_hi': 3327, 'eval_lo': 3327, 'eval_hi': 4436, 'mae': 0.4090675711631775, 'mse': 0.3707977533340454}, {'fold': 3, 'train_lo': 0, 'train_hi': 4436, 'eval_lo': 4436, 'eval_hi': 5546, 'mae': 0.34288644790649414, 'mse': 0.25652602314949036}]",Granger-Ramanathan
global_vs_horizon_variable,"{'method': 'Granger-Ramanathan', 'structure': 'horizon_variable', 'alpha': 1.0, 'variant': 'ridge_extension'}",ETTh1,0.34876111149787903,0.26204562187194824,"[{'fold': 0, 'train_lo': 0, 'train_hi': 1109, 'eval_lo': 1109, 'eval_hi': 2218, 'mae': 0.31257402896881104, 'mse': 0.18915531039237976}, {'fold': 1, 'train_lo': 0, 'train_hi': 2218, 'eval_lo': 2218, 'eval_hi': 3327, 'mae': 0.3399929404258728, 'mse': 0.24333368241786957}, {'fold': 2, 'train_lo': 0, 'train_hi': 3327, 'eval_lo': 3327, 'eval_hi': 4436, 'mae': 0.3983549475669861, 'mse': 0.35862821340560913}, {'fold': 3, 'train_lo': 0, 'train_hi': 4436, 'eval_lo': 4436, 'eval_hi': 5546, 'mae': 0.3441266715526581, 'mse': 0.25706979632377625}]",Granger-Ramanathan
sparse_topk_vs_dense_weighting,"{'tau': 0.1, 'top_r': 2, 'hidden': 64, 'dropout': 0.1, 'lr': 0.0003, 'weight_decay': 0.001, 'epochs': 80, 'seed': 7}",ETTh1,0.35952699184417725,0.2793751657009125,"[{'fold': 0, 'train_hi': 1109, 'eval_lo': 1109, 'eval_hi': 2218, 'mae': 0.3349851667881012, 'mse': 0.22855977714061737}, {'fold': 1, 'train_hi': 2218, 'eval_lo': 2218, 'eval_hi': 3327, 'mae': 0.3412250578403473, 'mse': 0.24728888273239136}, {'fold': 2, 'train_hi': 3327, 'eval_lo': 3327, 'eval_hi': 4436, 'mae': 0.4119759798049927, 'mse': 0.37717604637145996}, {'fold': 3, 'train_hi': 4436, 'eval_lo': 4436, 'eval_hi': 5546, 'mae': 0.34993043541908264, 'mse': 0.2644895315170288}]",FAME adaptation
sparse_topk_vs_dense_weighting,"{'tau': 0.05, 'top_r': 2, 'hidden': 64, 'dropout': 0.1, 'lr': 0.0003, 'weight_decay': 0.001, 'epochs': 80, 'seed': 7}",ETTh1,0.3619884252548218,0.2825491726398468,"[{'fold': 0, 'train_hi': 1109, 'eval_lo': 1109, 'eval_hi': 2218, 'mae': 0.33743393421173096, 'mse': 0.23241136968135834}, {'fold': 1, 'train_hi': 2218, 'eval_lo': 2218, 'eval_hi': 3327, 'mae': 0.34101879596710205, 'mse': 0.24686546623706818}, {'fold': 2, 'train_hi': 3327, 'eval_lo': 3327, 'eval_hi': 4436, 'mae': 0.4122713506221771, 'mse': 0.3764360845088959}, {'fold': 3, 'train_hi': 4436, 'eval_lo': 4436, 'eval_hi': 5546, 'mae': 0.35723400115966797, 'mse': 0.2744908928871155}]",FAME adaptation
sparse_topk_vs_dense_weighting,"{'tau': 0.2, 'top_r': 2, 'hidden': 64, 'dropout': 0.1, 'lr': 0.0003, 'weight_decay': 0.001, 'epochs': 80, 'seed': 7}",ETTh1,0.35902315378189087,0.2784307599067688,"[{'fold': 0, 'train_hi': 1109, 'eval_lo': 1109, 'eval_hi': 2218, 'mae': 0.3301082253456116, 'mse': 0.22030748426914215}, {'fold': 1, 'train_hi': 2218, 'eval_lo': 2218, 'eval_hi': 3327, 'mae': 0.3408726155757904, 'mse': 0.246846541762352}, {'fold': 2, 'train_hi': 3327, 'eval_lo': 3327, 'eval_hi': 4436, 'mae': 0.4129106402397156, 'mse': 0.3801233768463135}, {'fold': 3, 'train_hi': 4436, 'eval_lo': 4436, 'eval_hi': 5546, 'mae': 0.352207213640213, 'mse': 0.26645639538764954}]",FAME adaptation
sparse_topk_vs_dense_weighting,"{'tau': 0.1, 'top_r': 1, 'hidden': 64, 'dropout': 0.1, 'lr': 0.0003, 'weight_decay': 0.001, 'epochs': 80, 'seed': 7}",ETTh1,0.3706609010696411,0.2952181100845337,"[{'fold': 0, 'train_hi': 1109, 'eval_lo': 1109, 'eval_hi': 2218, 'mae': 0.34874001145362854, 'mse': 0.24789363145828247}, {'fold': 1, 'train_hi': 2218, 'eval_lo': 2218, 'eval_hi': 3327, 'mae': 0.3470176160335541, 'mse': 0.25431206822395325}, {'fold': 2, 'train_hi': 3327, 'eval_lo': 3327, 'eval_hi': 4436, 'mae': 0.42223474383354187, 'mse': 0.3908630907535553}, {'fold': 3, 'train_hi': 4436, 'eval_lo': 4436, 'eval_hi': 5546, 'mae': 0.36465662717819214, 'mse': 0.28781041502952576}]",FAME adaptation
sparse_topk_vs_dense_weighting,"{'tau': 0.1, 'top_r': 3, 'hidden': 64, 'dropout': 0.1, 'lr': 0.0003, 'weight_decay': 0.001, 'epochs': 80, 'seed': 7}",ETTh1,0.3556221127510071,0.27415239810943604,"[{'fold': 0, 'train_hi': 1109, 'eval_lo': 1109, 'eval_hi': 2218, 'mae': 0.3305908739566803, 'mse': 0.22241339087486267}, {'fold': 1, 'train_hi': 2218, 'eval_lo': 2218, 'eval_hi': 3327, 'mae': 0.33818235993385315, 'mse': 0.2439182549715042}, {'fold': 2, 'train_hi': 3327, 'eval_lo': 3327, 'eval_hi': 4436, 'mae': 0.40714430809020996, 'mse': 0.37124815583229065}, {'fold': 3, 'train_hi': 4436, 'eval_lo': 4436, 'eval_hi': 5546, 'mae': 0.3465789258480072, 'mse': 0.2590436041355133}]",FAME adaptation
hard_vs_fallback_routing,"{'tau_m': 0.15, 'tau_d': 1.0, 'hidden': 64, 'lr': 0.0003, 'weight_decay': 0.001, 'epochs': 80, 'seed': 7}",ETTh1,0.3553277254104614,0.2692857086658478,"[{'fold': 0, 'train_hi': 1109, 'eval_lo': 1109, 'eval_hi': 2218, 'mae': 0.3091488182544708, 'mse': 0.17817163467407227}, {'fold': 1, 'train_hi': 2218, 'eval_lo': 2218, 'eval_hi': 3327, 'mae': 0.3473905920982361, 'mse': 0.25121402740478516}, {'fold': 2, 'train_hi': 3327, 'eval_lo': 3327, 'eval_hi': 4436, 'mae': 0.41113853454589844, 'mse': 0.3772878050804138}, {'fold': 3, 'train_hi': 4436, 'eval_lo': 4436, 'eval_hi': 5546, 'mae': 0.3536345064640045, 'mse': 0.27046817541122437}]",TimeRouter adaptation
hard_vs_fallback_routing,"{'tau_m': 0.1, 'tau_d': 1.0, 'hidden': 64, 'lr': 0.0003, 'weight_decay': 0.001, 'epochs': 80, 'seed': 7}",ETTh1,0.3558686673641205,0.2700527310371399,"[{'fold': 0, 'train_hi': 1109, 'eval_lo': 1109, 'eval_hi': 2218, 'mae': 0.30988219380378723, 'mse': 0.18017369508743286}, {'fold': 1, 'train_hi': 2218, 'eval_lo': 2218, 'eval_hi': 3327, 'mae': 0.3474884033203125, 'mse': 0.25132161378860474}, {'fold': 2, 'train_hi': 3327, 'eval_lo': 3327, 'eval_hi': 4436, 'mae': 0.41133391857147217, 'mse': 0.3772098124027252}, {'fold': 3, 'train_hi': 4436, 'eval_lo': 4436, 'eval_hi': 5546, 'mae': 0.3547711670398712, 'mse': 0.27150455117225647}]",TimeRouter adaptation
hard_vs_fallback_routing,"{'tau_m': 0.2, 'tau_d': 1.0, 'hidden': 64, 'lr': 0.0003, 'weight_decay': 0.001, 'epochs': 80, 'seed': 7}",ETTh1,0.35495638847351074,0.2687247395515442,"[{'fold': 0, 'train_hi': 1109, 'eval_lo': 1109, 'eval_hi': 2218, 'mae': 0.3090715706348419, 'mse': 0.1776002198457718}, {'fold': 1, 'train_hi': 2218, 'eval_lo': 2218, 'eval_hi': 3327, 'mae': 0.34721022844314575, 'mse': 0.25103142857551575}, {'fold': 2, 'train_hi': 3327, 'eval_lo': 3327, 'eval_hi': 4436, 'mae': 0.4105062186717987, 'mse': 0.376531720161438}, {'fold': 3, 'train_hi': 4436, 'eval_lo': 4436, 'eval_hi': 5546, 'mae': 0.3530392646789551, 'mse': 0.2697347104549408}]",TimeRouter adaptation
hard_vs_fallback_routing,"{'tau_m': 0.15, 'tau_d': 0.5, 'hidden': 64, 'lr': 0.0003, 'weight_decay': 0.001, 'epochs': 80, 'seed': 7}",ETTh1,0.34720566868782043,0.2591845691204071,"[{'fold': 0, 'train_hi': 1109, 'eval_lo': 1109, 'eval_hi': 2218, 'mae': 0.3089468479156494, 'mse': 0.17578741908073425}, {'fold': 1, 'train_hi': 2218, 'eval_lo': 2218, 'eval_hi': 3327, 'mae': 0.3390112519264221, 'mse': 0.24197469651699066}, {'fold': 2, 'train_hi': 3327, 'eval_lo': 3327, 'eval_hi': 4436, 'mae': 0.39914220571517944, 'mse': 0.3624051511287689}, {'fold': 3, 'train_hi': 4436, 'eval_lo': 4436, 'eval_hi': 5546, 'mae': 0.34172722697257996, 'mse': 0.25657349824905396}]",TimeRouter adaptation
hard_vs_fallback_routing,"{'tau_m': 0.15, 'tau_d': 2.0, 'hidden': 64, 'lr': 0.0003, 'weight_decay': 0.001, 'epochs': 80, 'seed': 7}",ETTh1,0.3700540065765381,0.2982989549636841,"[{'fold': 0, 'train_hi': 1109, 'eval_lo': 1109, 'eval_hi': 2218, 'mae': 0.3407582938671112, 'mse': 0.23504988849163055}, {'fold': 1, 'train_hi': 2218, 'eval_lo': 2218, 'eval_hi': 3327, 'mae': 0.3467879295349121, 'mse': 0.2543238401412964}, {'fold': 2, 'train_hi': 3327, 'eval_lo': 3327, 'eval_hi': 4436, 'mae': 0.4246881902217865, 'mse': 0.4025576114654541}, {'fold': 3, 'train_hi': 4436, 'eval_lo': 4436, 'eval_hi': 5546, 'mae': 0.3679833710193634, 'mse': 0.30126190185546875}]",TimeRouter adaptation
covariance_vs_diagonal_global_vs_hv,"{'structure': 'global', 'estimator': 'covariance', 'shrinkage': 0.0}",ETTh1,0.3487619459629059,0.26225191354751587,"[{'fold': 0, 'train_lo': 0, 'train_hi': 1109, 'eval_lo': 1109, 'eval_hi': 2218, 'mae': 0.3091973662376404, 'mse': 0.18102911114692688}, {'fold': 1, 'train_lo': 0, 'train_hi': 2218, 'eval_lo': 2218, 'eval_hi': 3327, 'mae': 0.33896246552467346, 'mse': 0.24401234090328217}, {'fold': 2, 'train_lo': 0, 'train_hi': 3327, 'eval_lo': 3327, 'eval_hi': 4436, 'mae': 0.40396028757095337, 'mse': 0.3666401207447052}, {'fold': 3, 'train_lo': 0, 'train_hi': 4436, 'eval_lo': 4436, 'eval_hi': 5546, 'mae': 0.34293293952941895, 'mse': 0.25733041763305664}]",Bates-Granger
covariance_vs_diagonal_global_vs_hv,"{'structure': 'global', 'estimator': 'covariance', 'shrinkage': 0.25}",ETTh1,0.3469029664993286,0.2590164244174957,"[{'fold': 0, 'train_lo': 0, 'train_hi': 1109, 'eval_lo': 1109, 'eval_hi': 2218, 'mae': 0.30954834818840027, 'mse': 0.17705479264259338}, {'fold': 1, 'train_lo': 0, 'train_hi': 2218, 'eval_lo': 2218, 'eval_hi': 3327, 'mae': 0.3366791903972626, 'mse': 0.24075622856616974}, {'fold': 2, 'train_lo': 0, 'train_hi': 3327, 'eval_lo': 3327, 'eval_hi': 4436, 'mae': 0.39991894364356995, 'mse': 0.3626260757446289}, {'fold': 3, 'train_lo': 0, 'train_hi': 4436, 'eval_lo': 4436, 'eval_hi': 5546, 'mae': 0.34147024154663086, 'mse': 0.2556317150592804}]",Bates-Granger
covariance_vs_diagonal_global_vs_hv,"{'structure': 'global', 'estimator': 'covariance', 'shrinkage': 0.75}",ETTh1,0.3479539155960083,0.2597070038318634,"[{'fold': 0, 'train_lo': 0, 'train_hi': 1109, 'eval_lo': 1109, 'eval_hi': 2218, 'mae': 0.3118409216403961, 'mse': 0.17778711020946503}, {'fold': 1, 'train_lo': 0, 'train_hi': 2218, 'eval_lo': 2218, 'eval_hi': 3327, 'mae': 0.3391278088092804, 'mse': 0.24194148182868958}, {'fold': 2, 'train_lo': 0, 'train_hi': 3327, 'eval_lo': 3327, 'eval_hi': 4436, 'mae': 0.3991403877735138, 'mse': 0.3624992072582245}, {'fold': 3, 'train_lo': 0, 'train_hi': 4436, 'eval_lo': 4436, 'eval_hi': 5546, 'mae': 0.34171220660209656, 'mse': 0.256602942943573}]",Bates-Granger
covariance_vs_diagonal_global_vs_hv,"{'structure': 'global', 'estimator': 'diagonal_inverse_error', 'shrinkage': 1.0}",ETTh1,0.3471517264842987,0.25915592908859253,"[{'fold': 0, 'train_lo': 0, 'train_hi': 1109, 'eval_lo': 1109, 'eval_hi': 2218, 'mae': 0.3089468479156494, 'mse': 0.17578741908073425}, {'fold': 1, 'train_lo': 0, 'train_hi': 2218, 'eval_lo': 2218, 'eval_hi': 3327, 'mae': 0.3387954533100128, 'mse': 0.24186009168624878}, {'fold': 2, 'train_lo': 0, 'train_hi': 3327, 'eval_lo': 3327, 'eval_hi': 4436, 'mae': 0.39914220571517944, 'mse': 0.3624051511287689}, {'fold': 3, 'train_lo': 0, 'train_hi': 4436, 'eval_lo': 4436, 'eval_hi': 5546, 'mae': 0.34172722697257996, 'mse': 0.25657349824905396}]",Bates-Granger
covariance_vs_diagonal_global_vs_hv,"{'structure': 'horizon_variable', 'estimator': 'diagonal_inverse_error', 'shrinkage': 1.0}",ETTh1,0.3451879620552063,0.25881126523017883,"[{'fold': 0, 'train_lo': 0, 'train_hi': 1109, 'eval_lo': 1109, 'eval_hi': 2218, 'mae': 0.3056820034980774, 'mse': 0.17442002892494202}, {'fold': 1, 'train_lo': 0, 'train_hi': 2218, 'eval_lo': 2218, 'eval_hi': 3327, 'mae': 0.3348488509654999, 'mse': 0.23898321390151978}, {'fold': 2, 'train_lo': 0, 'train_hi': 3327, 'eval_lo': 3327, 'eval_hi': 4436, 'mae': 0.39872676134109497, 'mse': 0.3640613853931427}, {'fold': 3, 'train_lo': 0, 'train_hi': 4436, 'eval_lo': 4436, 'eval_hi': 5546, 'mae': 0.341497540473938, 'mse': 0.25778135657310486}]",Bates-Granger
covariance_vs_diagonal_global_vs_hv,"{'structure': 'horizon_variable', 'estimator': 'covariance', 'shrinkage': 0.75}",ETTh1,0.3467543125152588,0.25974398851394653,"[{'fold': 0, 'train_lo': 0, 'train_hi': 1109, 'eval_lo': 1109, 'eval_hi': 2218, 'mae': 0.31104618310928345, 'mse': 0.17842739820480347}, {'fold': 1, 'train_lo': 0, 'train_hi': 2218, 'eval_lo': 2218, 'eval_hi': 3327, 'mae': 0.33608555793762207, 'mse': 0.23952685296535492}, {'fold': 2, 'train_lo': 0, 'train_hi': 3327, 'eval_lo': 3327, 'eval_hi': 4436, 'mae': 0.3985898196697235, 'mse': 0.36346104741096497}, {'fold': 3, 'train_lo': 0, 'train_hi': 4436, 'eval_lo': 4436, 'eval_hi': 5546, 'mae': 0.3413005769252777, 'mse': 0.2575627267360687}]",Bates-Granger
static_vs_online,"{'eta': 0.01, 'decay': 0.97}",ETTh1,0.34732967615127563,0.263445109128952,"[{'fold': 0, 'train_hi': 1109, 'eval_lo': 1109, 'eval_hi': 2218, 'mae': 0.2849138379096985, 'mse': 0.1647627055644989, 'num_updates': 1097, 'mean_weight_PatchTST': 0.5000271797180176, 'mean_weight_iTransformer': 0.4999728202819824}, {'fold': 1, 'train_hi': 2218, 'eval_lo': 2218, 'eval_hi': 3327, 'mae': 0.3418820798397064, 'mse': 0.24838103353977203, 'num_updates': 1097, 'mean_weight_PatchTST': 0.5000135898590088, 'mean_weight_iTransformer': 0.499986469745636}, {'fold': 2, 'train_hi': 3327, 'eval_lo': 3327, 'eval_hi': 4436, 'mae': 0.4134654700756073, 'mse': 0.37828072905540466, 'num_updates': 1097, 'mean_weight_PatchTST': 0.4999927878379822, 'mean_weight_iTransformer': 0.5000072717666626}, {'fold': 3, 'train_hi': 4436, 'eval_lo': 4436, 'eval_hi': 5546, 'mae': 0.34905579686164856, 'mse': 0.2623569667339325, 'num_updates': 1098, 'mean_weight_PatchTST': 0.5000017881393433, 'mean_weight_iTransformer': 0.49999818205833435}]",OneNet / adaptation
static_vs_online,"{'eta': 0.05, 'decay': 0.97}",ETTh1,0.3473294675350189,0.2634454667568207,"[{'fold': 0, 'train_hi': 1109, 'eval_lo': 1109, 'eval_hi': 2218, 'mae': 0.2849126160144806, 'mse': 0.16476187109947205, 'num_updates': 1097, 'mean_weight_PatchTST': 0.5001359581947327, 'mean_weight_iTransformer': 0.4998640716075897}, {'fold': 1, 'train_hi': 2218, 'eval_lo': 2218, 'eval_hi': 3327, 'mae': 0.34188157320022583, 'mse': 0.24838078022003174, 'num_updates': 1097, 'mean_weight_PatchTST': 0.500067949295044, 'mean_weight_iTransformer': 0.49993202090263367}, {'fold': 2, 'train_hi': 3327, 'eval_lo': 3327, 'eval_hi': 4436, 'mae': 0.41346633434295654, 'mse': 0.37828290462493896, 'num_updates': 1097, 'mean_weight_PatchTST': 0.4999637305736542, 'mean_weight_iTransformer': 0.5000362396240234}, {'fold': 3, 'train_hi': 4436, 'eval_lo': 4436, 'eval_hi': 5546, 'mae': 0.34905576705932617, 'mse': 0.26235726475715637, 'num_updates': 1098, 'mean_weight_PatchTST': 0.5000090003013611, 'mean_weight_iTransformer': 0.49999094009399414}]",OneNet / adaptation
static_vs_online,"{'eta': 0.1, 'decay': 0.97}",ETTh1,0.34732919931411743,0.2634458541870117,"[{'fold': 0, 'train_hi': 1109, 'eval_lo': 1109, 'eval_hi': 2218, 'mae': 0.28491106629371643, 'mse': 0.16476082801818848, 'num_updates': 1097, 'mean_weight_PatchTST': 0.5002718567848206, 'mean_weight_iTransformer': 0.49972811341285706}, {'fold': 1, 'train_hi': 2218, 'eval_lo': 2218, 'eval_hi': 3327, 'mae': 0.3418809175491333, 'mse': 0.24838048219680786, 'num_updates': 1097, 'mean_weight_PatchTST': 0.5001358985900879, 'mean_weight_iTransformer': 0.4998641014099121}, {'fold': 2, 'train_hi': 3327, 'eval_lo': 3327, 'eval_hi': 4436, 'mae': 0.4134674370288849, 'mse': 0.37828555703163147, 'num_updates': 1097, 'mean_weight_PatchTST': 0.49992746114730835, 'mean_weight_iTransformer': 0.5000725388526917}, {'fold': 3, 'train_hi': 4436, 'eval_lo': 4436, 'eval_hi': 5546, 'mae': 0.3490557372570038, 'mse': 0.2623576521873474, 'num_updates': 1098, 'mean_weight_PatchTST': 0.5000180602073669, 'mean_weight_iTransformer': 0.49998196959495544}]",OneNet / adaptation
static_vs_online,"{'eta': 0.2, 'decay': 0.97}",ETTh1,0.34732866287231445,0.26344671845436096,"[{'fold': 0, 'train_hi': 1109, 'eval_lo': 1109, 'eval_hi': 2218, 'mae': 0.28490787744522095, 'mse': 0.16475874185562134, 'num_updates': 1097, 'mean_weight_PatchTST': 0.5005438327789307, 'mean_weight_iTransformer': 0.4994562566280365}, {'fold': 1, 'train_hi': 2218, 'eval_lo': 2218, 'eval_hi': 3327, 'mae': 0.34187963604927063, 'mse': 0.2483798712491989, 'num_updates': 1097, 'mean_weight_PatchTST': 0.5002717971801758, 'mean_weight_iTransformer': 0.4997282326221466}, {'fold': 2, 'train_hi': 3327, 'eval_lo': 3327, 'eval_hi': 4436, 'mae': 0.4134696424007416, 'mse': 0.37829089164733887, 'num_updates': 1097, 'mean_weight_PatchTST': 0.4998549222946167, 'mean_weight_iTransformer': 0.5001450777053833}, {'fold': 3, 'train_hi': 4436, 'eval_lo': 4436, 'eval_hi': 5546, 'mae': 0.34905579686164856, 'mse': 0.2623583674430847, 'num_updates': 1098, 'mean_weight_PatchTST': 0.5000361204147339, 'mean_weight_iTransformer': 0.4999639391899109}]",OneNet / adaptation
static_vs_online,"{'eta': 0.5, 'decay': 0.97}",ETTh1,0.34732702374458313,0.2634493112564087,"[{'fold': 0, 'train_hi': 1109, 'eval_lo': 1109, 'eval_hi': 2218, 'mae': 0.2848984897136688, 'mse': 0.16475248336791992, 'num_updates': 1097, 'mean_weight_PatchTST': 0.5013594031333923, 'mean_weight_iTransformer': 0.4986405074596405}, {'fold': 1, 'train_hi': 2218, 'eval_lo': 2218, 'eval_hi': 3327, 'mae': 0.3418758809566498, 'mse': 0.24837811291217804, 'num_updates': 1097, 'mean_weight_PatchTST': 0.5006794929504395, 'mean_weight_iTransformer': 0.49932053685188293}, {'fold': 2, 'train_hi': 3327, 'eval_lo': 3327, 'eval_hi': 4436, 'mae': 0.4134763777256012, 'mse': 0.37830692529678345, 'num_updates': 1097, 'mean_weight_PatchTST': 0.4996374249458313, 'mean_weight_iTransformer': 0.5003626346588135}, {'fold': 3, 'train_hi': 4436, 'eval_lo': 4436, 'eval_hi': 5546, 'mae': 0.34905576705932617, 'mse': 0.26236066222190857, 'num_updates': 1098, 'mean_weight_PatchTST': 0.5000901818275452, 'mean_weight_iTransformer': 0.49990975856781006}]",OneNet / adaptation
global_vs_horizon_variable,"{'method': 'Granger-Ramanathan', 'structure': 'global', 'alpha': 0.0, 'variant': 'canonical_ols'}",ETTh2,0.2830832600593567,0.1825622171163559,"[{'fold': 0, 'train_lo': 0, 'train_hi': 411, 'eval_lo': 411, 'eval_hi': 821, 'mae': 0.2610967755317688, 'mse': 0.1478831022977829}, {'fold': 1, 'train_lo': 0, 'train_hi': 821, 'eval_lo': 821, 'eval_hi': 1232, 'mae': 0.3061692416667938, 'mse': 0.21105387806892395}, {'fold': 2, 'train_lo': 0, 'train_hi': 1232, 'eval_lo': 1232, 'eval_hi': 1642, 'mae': 0.29195553064346313, 'mse': 0.17667289078235626}, {'fold': 3, 'train_lo': 0, 'train_hi': 1642, 'eval_lo': 1642, 'eval_hi': 2053, 'mae': 0.2730794847011566, 'mse': 0.19454029202461243}]",Granger-Ramanathan
global_vs_horizon_variable,"{'method': 'Granger-Ramanathan', 'structure': 'horizon_variable', 'alpha': 0.0, 'variant': 'canonical_ols'}",ETTh2,0.295345276594162,0.2015121579170227,"[{'fold': 0, 'train_lo': 0, 'train_hi': 411, 'eval_lo': 411, 'eval_hi': 821, 'mae': 0.26340892910957336, 'mse': 0.14890585839748383}, {'fold': 1, 'train_lo': 0, 'train_hi': 821, 'eval_lo': 821, 'eval_hi': 1232, 'mae': 0.32791829109191895, 'mse': 0.2582060992717743}, {'fold': 2, 'train_lo': 0, 'train_hi': 1232, 'eval_lo': 1232, 'eval_hi': 1642, 'mae': 0.2923416197299957, 'mse': 0.18048040568828583}, {'fold': 3, 'train_lo': 0, 'train_hi': 1642, 'eval_lo': 1642, 'eval_hi': 2053, 'mae': 0.29762718081474304, 'mse': 0.21827706694602966}]",Granger-Ramanathan
global_vs_horizon_variable,"{'method': 'Granger-Ramanathan', 'structure': 'global', 'alpha': 0.0001, 'variant': 'ridge_extension'}",ETTh2,0.2830832600593567,0.1825622171163559,"[{'fold': 0, 'train_lo': 0, 'train_hi': 411, 'eval_lo': 411, 'eval_hi': 821, 'mae': 0.2610968351364136, 'mse': 0.1478831022977829}, {'fold': 1, 'train_lo': 0, 'train_hi': 821, 'eval_lo': 821, 'eval_hi': 1232, 'mae': 0.3061692416667938, 'mse': 0.21105387806892395}, {'fold': 2, 'train_lo': 0, 'train_hi': 1232, 'eval_lo': 1232, 'eval_hi': 1642, 'mae': 0.29195553064346313, 'mse': 0.17667289078235626}, {'fold': 3, 'train_lo': 0, 'train_hi': 1642, 'eval_lo': 1642, 'eval_hi': 2053, 'mae': 0.2730794847011566, 'mse': 0.19454027712345123}]",Granger-Ramanathan
global_vs_horizon_variable,"{'method': 'Granger-Ramanathan', 'structure': 'horizon_variable', 'alpha': 0.0001, 'variant': 'ridge_extension'}",ETTh2,0.295344740152359,0.2015116959810257,"[{'fold': 0, 'train_lo': 0, 'train_hi': 411, 'eval_lo': 411, 'eval_hi': 821, 'mae': 0.2634076476097107, 'mse': 0.14890526235103607}, {'fold': 1, 'train_lo': 0, 'train_hi': 821, 'eval_lo': 821, 'eval_hi': 1232, 'mae': 0.3279176950454712, 'mse': 0.2582051157951355}, {'fold': 2, 'train_lo': 0, 'train_hi': 1232, 'eval_lo': 1232, 'eval_hi': 1642, 'mae': 0.29234156012535095, 'mse': 0.18048040568828583}, {'fold': 3, 'train_lo': 0, 'train_hi': 1642, 'eval_lo': 1642, 'eval_hi': 2053, 'mae': 0.2976270020008087, 'mse': 0.21827682852745056}]",Granger-Ramanathan
global_vs_horizon_variable,"{'method': 'Granger-Ramanathan', 'structure': 'global', 'alpha': 0.01, 'variant': 'ridge_extension'}",ETTh2,0.2830832302570343,0.1825621873140335,"[{'fold': 0, 'train_lo': 0, 'train_hi': 411, 'eval_lo': 411, 'eval_hi': 821, 'mae': 0.2610968351364136, 'mse': 0.1478830873966217}, {'fold': 1, 'train_lo': 0, 'train_hi': 821, 'eval_lo': 821, 'eval_hi': 1232, 'mae': 0.3061692416667938, 'mse': 0.21105381846427917}, {'fold': 2, 'train_lo': 0, 'train_hi': 1232, 'eval_lo': 1232, 'eval_hi': 1642, 'mae': 0.29195553064346313, 'mse': 0.17667292058467865}, {'fold': 3, 'train_lo': 0, 'train_hi': 1642, 'eval_lo': 1642, 'eval_hi': 2053, 'mae': 0.27307945489883423, 'mse': 0.19454024732112885}]",Granger-Ramanathan
global_vs_horizon_variable,"{'method': 'Granger-Ramanathan', 'structure': 'horizon_variable', 'alpha': 0.01, 'variant': 'ridge_extension'}",ETTh2,0.29529330134391785,0.20146873593330383,"[{'fold': 0, 'train_lo': 0, 'train_hi': 411, 'eval_lo': 411, 'eval_hi': 821, 'mae': 0.2632811665534973, 'mse': 0.14884912967681885}, {'fold': 1, 'train_lo': 0, 'train_hi': 821, 'eval_lo': 821, 'eval_hi': 1232, 'mae': 0.3278600573539734, 'mse': 0.25811058282852173}, {'fold': 2, 'train_lo': 0, 'train_hi': 1232, 'eval_lo': 1232, 'eval_hi': 1642, 'mae': 0.2923380136489868, 'mse': 0.18047946691513062}, {'fold': 3, 'train_lo': 0, 'train_hi': 1642, 'eval_lo': 1642, 'eval_hi': 2053, 'mae': 0.2976089417934418, 'mse': 0.21825672686100006}]",Granger-Ramanathan
global_vs_horizon_variable,"{'method': 'Granger-Ramanathan', 'structure': 'global', 'alpha': 1.0, 'variant': 'ridge_extension'}",ETTh2,0.2830834984779358,0.1825602650642395,"[{'fold': 0, 'train_lo': 0, 'train_hi': 411, 'eval_lo': 411, 'eval_hi': 821, 'mae': 0.2610982656478882, 'mse': 0.14787960052490234}, {'fold': 1, 'train_lo': 0, 'train_hi': 821, 'eval_lo': 821, 'eval_hi': 1232, 'mae': 0.3061685264110565, 'mse': 0.21104848384857178}, {'fold': 2, 'train_lo': 0, 'train_hi': 1232, 'eval_lo': 1232, 'eval_hi': 1642, 'mae': 0.29195699095726013, 'mse': 0.1766747683286667}, {'fold': 3, 'train_lo': 0, 'train_hi': 1642, 'eval_lo': 1642, 'eval_hi': 2053, 'mae': 0.27307817339897156, 'mse': 0.19453944265842438}]",Granger-Ramanathan
global_vs_horizon_variable,"{'method': 'Granger-Ramanathan', 'structure': 'horizon_variable', 'alpha': 1.0, 'variant': 'ridge_extension'}",ETTh2,0.2935033142566681,0.19907157123088837,"[{'fold': 0, 'train_lo': 0, 'train_hi': 411, 'eval_lo': 411, 'eval_hi': 821, 'mae': 0.2602633833885193, 'mse': 0.14697885513305664}, {'fold': 1, 'train_lo': 0, 'train_hi': 821, 'eval_lo': 821, 'eval_hi': 1232, 'mae': 0.32498642802238464, 'mse': 0.25192445516586304}, {'fold': 2, 'train_lo': 0, 'train_hi': 1232, 'eval_lo': 1232, 'eval_hi': 1642, 'mae': 0.2925090491771698, 'mse': 0.18063446879386902}, {'fold': 3, 'train_lo': 0, 'train_hi': 1642, 'eval_lo': 1642, 'eval_hi': 2053, 'mae': 0.296171098947525, 'mse': 0.2165769338607788}]",Granger-Ramanathan
sparse_topk_vs_dense_weighting,"{'tau': 0.1, 'top_r': 2, 'hidden': 64, 'dropout': 0.1, 'lr': 0.0003, 'weight_decay': 0.001, 'epochs': 80, 'seed': 7}",ETTh2,0.2848163843154907,0.18495644629001617,"[{'fold': 0, 'train_hi': 411, 'eval_lo': 411, 'eval_hi': 821, 'mae': 0.2623109817504883, 'mse': 0.14926782250404358}, {'fold': 1, 'train_hi': 821, 'eval_lo': 821, 'eval_hi': 1232, 'mae': 0.307922899723053, 'mse': 0.21541188657283783}, {'fold': 2, 'train_hi': 1232, 'eval_lo': 1232, 'eval_hi': 1642, 'mae': 0.292445570230484, 'mse': 0.17993447184562683}, {'fold': 3, 'train_hi': 1642, 'eval_lo': 1642, 'eval_hi': 2053, 'mae': 0.2765497863292694, 'mse': 0.19511263072490692}]",FAME adaptation
sparse_topk_vs_dense_weighting,"{'tau': 0.05, 'top_r': 2, 'hidden': 64, 'dropout': 0.1, 'lr': 0.0003, 'weight_decay': 0.001, 'epochs': 80, 'seed': 7}",ETTh2,0.2859947085380554,0.18644188344478607,"[{'fold': 0, 'train_hi': 411, 'eval_lo': 411, 'eval_hi': 821, 'mae': 0.2636178433895111, 'mse': 0.15049207210540771}, {'fold': 1, 'train_hi': 821, 'eval_lo': 821, 'eval_hi': 1232, 'mae': 0.3087073564529419, 'mse': 0.21624737977981567}, {'fold': 2, 'train_hi': 1232, 'eval_lo': 1232, 'eval_hi': 1642, 'mae': 0.29276737570762634, 'mse': 0.1803501397371292}, {'fold': 3, 'train_hi': 1642, 'eval_lo': 1642, 'eval_hi': 2053, 'mae': 0.2788483798503876, 'mse': 0.1985757201910019}]",FAME adaptation
sparse_topk_vs_dense_weighting,"{'tau': 0.2, 'top_r': 2, 'hidden': 64, 'dropout': 0.1, 'lr': 0.0003, 'weight_decay': 0.001, 'epochs': 80, 'seed': 7}",ETTh2,0.28418928384780884,0.18386636674404144,"[{'fold': 0, 'train_hi': 411, 'eval_lo': 411, 'eval_hi': 821, 'mae': 0.2620862126350403, 'mse': 0.1487579494714737}, {'fold': 1, 'train_hi': 821, 'eval_lo': 821, 'eval_hi': 1232, 'mae': 0.3057289719581604, 'mse': 0.21094650030136108}, {'fold': 2, 'train_hi': 1232, 'eval_lo': 1232, 'eval_hi': 1642, 'mae': 0.2919681966304779, 'mse': 0.17915832996368408}, {'fold': 3, 'train_hi': 1642, 'eval_lo': 1642, 'eval_hi': 2053, 'mae': 0.27693894505500793, 'mse': 0.19650579988956451}]",FAME adaptation
sparse_topk_vs_dense_weighting,"{'tau': 0.1, 'top_r': 1, 'hidden': 64, 'dropout': 0.1, 'lr': 0.0003, 'weight_decay': 0.001, 'epochs': 80, 'seed': 7}",ETTh2,0.2921270728111267,0.19397282600402832,"[{'fold': 0, 'train_hi': 411, 'eval_lo': 411, 'eval_hi': 821, 'mae': 0.27034103870391846, 'mse': 0.16046211123466492}, {'fold': 1, 'train_hi': 821, 'eval_lo': 821, 'eval_hi': 1232, 'mae': 0.3148273527622223, 'mse': 0.2251221388578415}, {'fold': 2, 'train_hi': 1232, 'eval_lo': 1232, 'eval_hi': 1642, 'mae': 0.29564914107322693, 'mse': 0.18251368403434753}, {'fold': 3, 'train_hi': 1642, 'eval_lo': 1642, 'eval_hi': 2053, 'mae': 0.2876463532447815, 'mse': 0.20768404006958008}]",FAME adaptation
sparse_topk_vs_dense_weighting,"{'tau': 0.1, 'top_r': 3, 'hidden': 64, 'dropout': 0.1, 'lr': 0.0003, 'weight_decay': 0.001, 'epochs': 80, 'seed': 7}",ETTh2,0.28361427783966064,0.1835610568523407,"[{'fold': 0, 'train_hi': 411, 'eval_lo': 411, 'eval_hi': 821, 'mae': 0.26028040051460266, 'mse': 0.14693990349769592}, {'fold': 1, 'train_hi': 821, 'eval_lo': 821, 'eval_hi': 1232, 'mae': 0.306190550327301, 'mse': 0.21141041815280914}, {'fold': 2, 'train_hi': 1232, 'eval_lo': 1232, 'eval_hi': 1642, 'mae': 0.2927255630493164, 'mse': 0.17919529974460602}, {'fold': 3, 'train_hi': 1642, 'eval_lo': 1642, 'eval_hi': 2053, 'mae': 0.2752259373664856, 'mse': 0.19659890234470367}]",FAME adaptation
hard_vs_fallback_routing,"{'tau_m': 0.15, 'tau_d': 1.0, 'hidden': 64, 'lr': 0.0003, 'weight_decay': 0.001, 'epochs': 80, 'seed': 7}",ETTh2,0.2895616292953491,0.18777967989444733,"[{'fold': 0, 'train_hi': 411, 'eval_lo': 411, 'eval_hi': 821, 'mae': 0.26541900634765625, 'mse': 0.1537509560585022}, {'fold': 1, 'train_hi': 821, 'eval_lo': 821, 'eval_hi': 1232, 'mae': 0.3155350983142853, 'mse': 0.21666379272937775}, {'fold': 2, 'train_hi': 1232, 'eval_lo': 1232, 'eval_hi': 1642, 'mae': 0.300175279378891, 'mse': 0.18369311094284058}, {'fold': 3, 'train_hi': 1642, 'eval_lo': 1642, 'eval_hi': 2053, 'mae': 0.27708423137664795, 'mse': 0.19691814482212067}]",TimeRouter adaptation
hard_vs_fallback_routing,"{'tau_m': 0.1, 'tau_d': 1.0, 'hidden': 64, 'lr': 0.0003, 'weight_decay': 0.001, 'epochs': 80, 'seed': 7}",ETTh2,0.29003360867500305,0.18844574689865112,"[{'fold': 0, 'train_hi': 411, 'eval_lo': 411, 'eval_hi': 821, 'mae': 0.26579803228378296, 'mse': 0.15417739748954773}, {'fold': 1, 'train_hi': 821, 'eval_lo': 821, 'eval_hi': 1232, 'mae': 0.31620436906814575, 'mse': 0.2176891267299652}, {'fold': 2, 'train_hi': 1232, 'eval_lo': 1232, 'eval_hi': 1642, 'mae': 0.30080288648605347, 'mse': 0.1846659779548645}, {'fold': 3, 'train_hi': 1642, 'eval_lo': 1642, 'eval_hi': 2053, 'mae': 0.2772963345050812, 'mse': 0.19715788960456848}]",TimeRouter adaptation
hard_vs_fallback_routing,"{'tau_m': 0.2, 'tau_d': 1.0, 'hidden': 64, 'lr': 0.0003, 'weight_decay': 0.001, 'epochs': 80, 'seed': 7}",ETTh2,0.2891235053539276,0.1871764361858368,"[{'fold': 0, 'train_hi': 411, 'eval_lo': 411, 'eval_hi': 821, 'mae': 0.2654581367969513, 'mse': 0.15411143004894257}, {'fold': 1, 'train_hi': 821, 'eval_lo': 821, 'eval_hi': 1232, 'mae': 0.3142074644565582, 'mse': 0.2143709361553192}, {'fold': 2, 'train_hi': 1232, 'eval_lo': 1232, 'eval_hi': 1642, 'mae': 0.29982250928878784, 'mse': 0.1833043396472931}, {'fold': 3, 'train_hi': 1642, 'eval_lo': 1642, 'eval_hi': 2053, 'mae': 0.27697423100471497, 'mse': 0.196829155087471}]",TimeRouter adaptation
hard_vs_fallback_routing,"{'tau_m': 0.15, 'tau_d': 0.5, 'hidden': 64, 'lr': 0.0003, 'weight_decay': 0.001, 'epochs': 80, 'seed': 7}",ETTh2,0.28633877635002136,0.1847902536392212,"[{'fold': 0, 'train_hi': 411, 'eval_lo': 411, 'eval_hi': 821, 'mae': 0.2642834782600403, 'mse': 0.15292221307754517}, {'fold': 1, 'train_hi': 821, 'eval_lo': 821, 'eval_hi': 1232, 'mae': 0.30959415435791016, 'mse': 0.2077016532421112}, {'fold': 2, 'train_hi': 1232, 'eval_lo': 1232, 'eval_hi': 1642, 'mae': 0.2957282066345215, 'mse': 0.1795298159122467}, {'fold': 3, 'train_hi': 1642, 'eval_lo': 1642, 'eval_hi': 2053, 'mae': 0.2757185101509094, 'mse': 0.19891703128814697}]",TimeRouter adaptation
hard_vs_fallback_routing,"{'tau_m': 0.15, 'tau_d': 2.0, 'hidden': 64, 'lr': 0.0003, 'weight_decay': 0.001, 'epochs': 80, 'seed': 7}",ETTh2,0.29618269205093384,0.19656069576740265,"[{'fold': 0, 'train_hi': 411, 'eval_lo': 411, 'eval_hi': 821, 'mae': 0.2705904245376587, 'mse': 0.15949711203575134}, {'fold': 1, 'train_hi': 821, 'eval_lo': 821, 'eval_hi': 1232, 'mae': 0.32241877913475037, 'mse': 0.22852762043476105}, {'fold': 2, 'train_hi': 1232, 'eval_lo': 1232, 'eval_hi': 1642, 'mae': 0.3058950901031494, 'mse': 0.19109435379505157}, {'fold': 3, 'train_hi': 1642, 'eval_lo': 1642, 'eval_hi': 2053, 'mae': 0.2857878506183624, 'mse': 0.20702019333839417}]",TimeRouter adaptation
covariance_vs_diagonal_global_vs_hv,"{'structure': 'global', 'estimator': 'covariance', 'shrinkage': 0.0}",ETTh2,0.2822612226009369,0.18148276209831238,"[{'fold': 0, 'train_lo': 0, 'train_hi': 411, 'eval_lo': 411, 'eval_hi': 821, 'mae': 0.25998347997665405, 'mse': 0.1471434086561203}, {'fold': 1, 'train_lo': 0, 'train_hi': 821, 'eval_lo': 821, 'eval_hi': 1232, 'mae': 0.30535876750946045, 'mse': 0.21065828204154968}, {'fold': 2, 'train_lo': 0, 'train_hi': 1232, 'eval_lo': 1232, 'eval_hi': 1642, 'mae': 0.29208236932754517, 'mse': 0.17601805925369263}, {'fold': 3, 'train_lo': 0, 'train_hi': 1642, 'eval_lo': 1642, 'eval_hi': 2053, 'mae': 0.2715900242328644, 'mse': 0.1920143961906433}]",Bates-Granger
covariance_vs_diagonal_global_vs_hv,"{'structure': 'global', 'estimator': 'covariance', 'shrinkage': 0.25}",ETTh2,0.28353315591812134,0.18255750834941864,"[{'fold': 0, 'train_lo': 0, 'train_hi': 411, 'eval_lo': 411, 'eval_hi': 821, 'mae': 0.2599494755268097, 'mse': 0.1467484086751938}, {'fold': 1, 'train_lo': 0, 'train_hi': 821, 'eval_lo': 821, 'eval_hi': 1232, 'mae': 0.3054579496383667, 'mse': 0.2074989676475525}, {'fold': 2, 'train_lo': 0, 'train_hi': 1232, 'eval_lo': 1232, 'eval_hi': 1642, 'mae': 0.2946855425834656, 'mse': 0.17867666482925415}, {'fold': 3, 'train_lo': 0, 'train_hi': 1642, 'eval_lo': 1642, 'eval_hi': 2053, 'mae': 0.2740095555782318, 'mse': 0.197209432721138}]",Bates-Granger
covariance_vs_diagonal_global_vs_hv,"{'structure': 'global', 'estimator': 'covariance', 'shrinkage': 0.75}",ETTh2,0.2849782705307007,0.18351972103118896,"[{'fold': 0, 'train_lo': 0, 'train_hi': 411, 'eval_lo': 411, 'eval_hi': 821, 'mae': 0.2625884413719177, 'mse': 0.1504521667957306}, {'fold': 1, 'train_lo': 0, 'train_hi': 821, 'eval_lo': 821, 'eval_hi': 1232, 'mae': 0.30643802881240845, 'mse': 0.20558874309062958}, {'fold': 2, 'train_lo': 0, 'train_hi': 1232, 'eval_lo': 1232, 'eval_hi': 1642, 'mae': 0.2956025302410126, 'mse': 0.17945878207683563}, {'fold': 3, 'train_lo': 0, 'train_hi': 1642, 'eval_lo': 1642, 'eval_hi': 2053, 'mae': 0.2752555310726166, 'mse': 0.19848884642124176}]",Bates-Granger
covariance_vs_diagonal_global_vs_hv,"{'structure': 'global', 'estimator': 'diagonal_inverse_error', 'shrinkage': 1.0}",ETTh2,0.2857753038406372,0.18427979946136475,"[{'fold': 0, 'train_lo': 0, 'train_hi': 411, 'eval_lo': 411, 'eval_hi': 821, 'mae': 0.2642834782600403, 'mse': 0.15292222797870636}, {'fold': 1, 'train_lo': 0, 'train_hi': 821, 'eval_lo': 821, 'eval_hi': 1232, 'mae': 0.30737271904945374, 'mse': 0.20579172670841217}, {'fold': 2, 'train_lo': 0, 'train_hi': 1232, 'eval_lo': 1232, 'eval_hi': 1642, 'mae': 0.29572823643684387, 'mse': 0.1795298159122467}, {'fold': 3, 'train_lo': 0, 'train_hi': 1642, 'eval_lo': 1642, 'eval_hi': 2053, 'mae': 0.27568867802619934, 'mse': 0.1987876445055008}]",Bates-Granger
covariance_vs_diagonal_global_vs_hv,"{'structure': 'horizon_variable', 'estimator': 'diagonal_inverse_error', 'shrinkage': 1.0}",ETTh2,0.28465861082077026,0.18307402729988098,"[{'fold': 0, 'train_lo': 0, 'train_hi': 411, 'eval_lo': 411, 'eval_hi': 821, 'mae': 0.26271480321884155, 'mse': 0.1501389443874359}, {'fold': 1, 'train_lo': 0, 'train_hi': 821, 'eval_lo': 821, 'eval_hi': 1232, 'mae': 0.3067040741443634, 'mse': 0.20666496455669403}, {'fold': 2, 'train_lo': 0, 'train_hi': 1232, 'eval_lo': 1232, 'eval_hi': 1642, 'mae': 0.2958410978317261, 'mse': 0.17998847365379333}, {'fold': 3, 'train_lo': 0, 'train_hi': 1642, 'eval_lo': 1642, 'eval_hi': 2053, 'mae': 0.27334824204444885, 'mse': 0.19541598856449127}]",Bates-Granger
covariance_vs_diagonal_global_vs_hv,"{'structure': 'horizon_variable', 'estimator': 'covariance', 'shrinkage': 0.75}",ETTh2,0.2915309965610504,0.19200734794139862,"[{'fold': 0, 'train_lo': 0, 'train_hi': 411, 'eval_lo': 411, 'eval_hi': 821, 'mae': 0.28052014112472534, 'mse': 0.17730583250522614}, {'fold': 1, 'train_lo': 0, 'train_hi': 821, 'eval_lo': 821, 'eval_hi': 1232, 'mae': 0.31584444642066956, 'mse': 0.21514920890331268}, {'fold': 2, 'train_lo': 0, 'train_hi': 1232, 'eval_lo': 1232, 'eval_hi': 1642, 'mae': 0.29589471220970154, 'mse': 0.17976096272468567}, {'fold': 3, 'train_lo': 0, 'train_hi': 1642, 'eval_lo': 1642, 'eval_hi': 2053, 'mae': 0.2738485038280487, 'mse': 0.19574780762195587}]",Bates-Granger
static_vs_online,"{'eta': 0.01, 'decay': 0.97}",ETTh2,0.3519793748855591,0.2967900037765503,"[{'fold': 0, 'train_hi': 411, 'eval_lo': 411, 'eval_hi': 821, 'mae': 0.3760628402233124, 'mse': 0.35080915689468384, 'num_updates': 398, 'mean_weight_PatchTST': 0.5004300475120544, 'mean_weight_iTransformer': 0.4995698928833008}, {'fold': 1, 'train_hi': 821, 'eval_lo': 821, 'eval_hi': 1232, 'mae': 0.39315706491470337, 'mse': 0.3687955439090729, 'num_updates': 399, 'mean_weight_PatchTST': 0.5003409385681152, 'mean_weight_iTransformer': 0.49965900182724}, {'fold': 2, 'train_hi': 1232, 'eval_lo': 1232, 'eval_hi': 1642, 'mae': 0.3088599443435669, 'mse': 0.19259506464004517, 'num_updates': 398, 'mean_weight_PatchTST': 0.5000715255737305, 'mean_weight_iTransformer': 0.4999285340309143}, {'fold': 3, 'train_hi': 1642, 'eval_lo': 1642, 'eval_hi': 2053, 'mae': 0.32979127764701843, 'mse': 0.2748381793498993, 'num_updates': 399, 'mean_weight_PatchTST': 0.5002440214157104, 'mean_weight_iTransformer': 0.49975600838661194}]",OneNet / adaptation
static_vs_online,"{'eta': 0.05, 'decay': 0.97}",ETTh2,0.35180142521858215,0.2963617146015167,"[{'fold': 0, 'train_hi': 411, 'eval_lo': 411, 'eval_hi': 821, 'mae': 0.37575262784957886, 'mse': 0.3500823974609375, 'num_updates': 398, 'mean_weight_PatchTST': 0.5021504759788513, 'mean_weight_iTransformer': 0.49784955382347107}, {'fold': 1, 'train_hi': 821, 'eval_lo': 821, 'eval_hi': 1232, 'mae': 0.39288756251335144, 'mse': 0.36807578802108765, 'num_updates': 399, 'mean_weight_PatchTST': 0.5017049312591553, 'mean_weight_iTransformer': 0.49829503893852234}, {'fold': 2, 'train_hi': 1232, 'eval_lo': 1232, 'eval_hi': 1642, 'mae': 0.3088565468788147, 'mse': 0.1925899237394333, 'num_updates': 398, 'mean_weight_PatchTST': 0.5003576278686523, 'mean_weight_iTransformer': 0.49964237213134766}, {'fold': 3, 'train_hi': 1642, 'eval_lo': 1642, 'eval_hi': 2053, 'mae': 0.3296627998352051, 'mse': 0.27457693219184875, 'num_updates': 399, 'mean_weight_PatchTST': 0.5012199282646179, 'mean_weight_iTransformer': 0.4987800717353821}]",OneNet / adaptation
static_vs_online,"{'eta': 0.1, 'decay': 0.97}",ETTh2,0.35157933831214905,0.2958276569843292,"[{'fold': 0, 'train_hi': 411, 'eval_lo': 411, 'eval_hi': 821, 'mae': 0.3753651976585388, 'mse': 0.34917595982551575, 'num_updates': 398, 'mean_weight_PatchTST': 0.5043008327484131, 'mean_weight_iTransformer': 0.4956991374492645}, {'fold': 1, 'train_hi': 821, 'eval_lo': 821, 'eval_hi': 1232, 'mae': 0.39255136251449585, 'mse': 0.36717861890792847, 'num_updates': 399, 'mean_weight_PatchTST': 0.5034098029136658, 'mean_weight_iTransformer': 0.49659016728401184}, {'fold': 2, 'train_hi': 1232, 'eval_lo': 1232, 'eval_hi': 1642, 'mae': 0.30885234475135803, 'mse': 0.19258354604244232, 'num_updates': 398, 'mean_weight_PatchTST': 0.5007152557373047, 'mean_weight_iTransformer': 0.4992847740650177}, {'fold': 3, 'train_hi': 1642, 'eval_lo': 1642, 'eval_hi': 2053, 'mae': 0.3295023441314697, 'mse': 0.2742510735988617, 'num_updates': 399, 'mean_weight_PatchTST': 0.5024398565292358, 'mean_weight_iTransformer': 0.4975601136684418}]",OneNet / adaptation
static_vs_online,"{'eta': 0.2, 'decay': 0.97}",ETTh2,0.3511362671852112,0.29476398229599,"[{'fold': 0, 'train_hi': 411, 'eval_lo': 411, 'eval_hi': 821, 'mae': 0.37459200620651245, 'mse': 0.3473702371120453, 'num_updates': 398, 'mean_weight_PatchTST': 0.5086010694503784, 'mean_weight_iTransformer': 0.4913989305496216}, {'fold': 1, 'train_hi': 821, 'eval_lo': 821, 'eval_hi': 1232, 'mae': 0.3918808698654175, 'mse': 0.3653925955295563, 'num_updates': 399, 'mean_weight_PatchTST': 0.5068188309669495, 'mean_weight_iTransformer': 0.49318113923072815}, {'fold': 2, 'train_hi': 1232, 'eval_lo': 1232, 'eval_hi': 1642, 'mae': 0.3088439702987671, 'mse': 0.19257080554962158, 'num_updates': 398, 'mean_weight_PatchTST': 0.5014304518699646, 'mean_weight_iTransformer': 0.498569518327713}, {'fold': 3, 'train_hi': 1642, 'eval_lo': 1642, 'eval_hi': 2053, 'mae': 0.32918238639831543, 'mse': 0.27360162138938904, 'num_updates': 399, 'mean_weight_PatchTST': 0.5048794746398926, 'mean_weight_iTransformer': 0.49512046575546265}]",OneNet / adaptation
static_vs_online,"{'eta': 0.5, 'decay': 0.97}",ETTh2,0.34981483221054077,0.29161038994789124,"[{'fold': 0, 'train_hi': 411, 'eval_lo': 411, 'eval_hi': 821, 'mae': 0.372285932302475, 'mse': 0.34201279282569885, 'num_updates': 398, 'mean_weight_PatchTST': 0.521491289138794, 'mean_weight_iTransformer': 0.47850871086120605}, {'fold': 1, 'train_hi': 821, 'eval_lo': 821, 'eval_hi': 1232, 'mae': 0.3898812234401703, 'mse': 0.3601049482822418, 'num_updates': 399, 'mean_weight_PatchTST': 0.5170336365699768, 'mean_weight_iTransformer': 0.4829663336277008}, {'fold': 2, 'train_hi': 1232, 'eval_lo': 1232, 'eval_hi': 1642, 'mae': 0.3088195025920868, 'mse': 0.19253307580947876, 'num_updates': 398, 'mean_weight_PatchTST': 0.5035755634307861, 'mean_weight_iTransformer': 0.4964244067668915}, {'fold': 3, 'train_hi': 1642, 'eval_lo': 1642, 'eval_hi': 2053, 'mae': 0.32822757959365845, 'mse': 0.27167224884033203, 'num_updates': 399, 'mean_weight_PatchTST': 0.5121951699256897, 'mean_weight_iTransformer': 0.4878048598766327}]",OneNet / adaptation
