status,mode,query_selector,final_selector,force_k,stop_disabled,mae,mse,oracle_match_rate,regret_to_full_oracle,average_experts_used,selection_counts,stop_step_distribution,note
ok,current_costarts,learned_policy_with_stop,model,,False,0.3653925955295563,0.3352326452732086,0.2349102795124054,0.04724934697151184,1.0,"{""DLinear"": 297, ""ModernTCN"": 316, ""PatchTST"": 0, ""TimesNet"": 0, ""iTransformer"": 0}","{""1"": 613}",
ok,full_oracle_best_expert_per_window,oracle_all_experts,oracle,5,True,0.31814324855804443,0.2539284825325012,1.0,0.0,5.0,"{""DLinear"": 117, ""ModernTCN"": 181, ""PatchTST"": 87, ""TimesNet"": 139, ""iTransformer"": 89}","{""5"": 613}",
ok,fixed_single_expert,fixed,DLinear,1,True,0.3700985014438629,0.3458804190158844,0.19086460769176483,0.05195525288581848,1.0,"{""DLinear"": 613, ""ModernTCN"": 0, ""PatchTST"": 0, ""TimesNet"": 0, ""iTransformer"": 0}","{""1"": 613}",
ok,fixed_single_expert,fixed,PatchTST,1,True,0.3702657222747803,0.3274518847465515,0.14192496240139008,0.05212247371673584,1.0,"{""DLinear"": 0, ""ModernTCN"": 0, ""PatchTST"": 613, ""TimesNet"": 0, ""iTransformer"": 0}","{""1"": 613}",
ok,fixed_single_expert,fixed,iTransformer,1,True,0.39050111174583435,0.3541646897792816,0.1451876014471054,0.07235786318778992,1.0,"{""DLinear"": 0, ""ModernTCN"": 0, ""PatchTST"": 0, ""TimesNet"": 0, ""iTransformer"": 613}","{""1"": 613}",
ok,fixed_single_expert,fixed,TimesNet,1,True,0.37406185269355774,0.3383898138999939,0.22675366699695587,0.055918604135513306,1.0,"{""DLinear"": 0, ""ModernTCN"": 0, ""PatchTST"": 0, ""TimesNet"": 613, ""iTransformer"": 0}","{""1"": 613}",
ok,best_fixed_expert,fixed,ModernTCN,1,True,0.35864511132240295,0.33227208256721497,0.2952691614627838,0.04050186276435852,1.0,"{""DLinear"": 0, ""ModernTCN"": 613, ""PatchTST"": 0, ""TimesNet"": 0, ""iTransformer"": 0}","{""1"": 613}",actual best fixed expert on the validation cache
ok,forced_exact_k,query_logits,model,1,True,0.3653925955295563,0.3352326452732086,0.2349102795124054,0.04724934697151184,1.0,"{""DLinear"": 297, ""ModernTCN"": 316, ""PatchTST"": 0, ""TimesNet"": 0, ""iTransformer"": 0}","{""1"": 613}",
ok,forced_exact_k,query_logits,oracle,1,True,0.3653925955295563,0.3352326452732086,0.2349102795124054,0.04724934697151184,1.0,"{""DLinear"": 297, ""ModernTCN"": 316, ""PatchTST"": 0, ""TimesNet"": 0, ""iTransformer"": 0}","{""1"": 613}",
ok,forced_exact_k,query_logits,equal_average,1,True,0.3653925955295563,0.3352326452732086,,0.04724934697151184,1.0,"{""DLinear"": 297, ""ModernTCN"": 316, ""PatchTST"": 0, ""TimesNet"": 0, ""iTransformer"": 0}","{""1"": 613}",selection_counts are utilization counts because forecasts are averaged
skipped,forced_exact_k,query_logits,learned_sparse_mixer,1,True,,,,,,{},{},learned sparse queried-subset mixer is not available in the current COSTARTS checkpoint
ok,forced_exact_k,query_logits,model,2,True,0.37061432003974915,0.34372907876968384,0.17618270218372345,0.05247107148170471,2.0,"{""DLinear"": 369, ""ModernTCN"": 241, ""PatchTST"": 0, ""TimesNet"": 0, ""iTransformer"": 3}","{""2"": 613}",
ok,forced_exact_k,query_logits,oracle,2,True,0.3392123878002167,0.2960813641548157,0.49429038166999817,0.02106913924217224,2.0,"{""DLinear"": 135, ""ModernTCN"": 364, ""PatchTST"": 0, ""TimesNet"": 111, ""iTransformer"": 3}","{""2"": 613}",
ok,forced_exact_k,query_logits,equal_average,2,True,0.3530707359313965,0.3210422098636627,,0.03492748737335205,2.0,"{""DLinear"": 369, ""ModernTCN"": 613, ""PatchTST"": 0, ""TimesNet"": 241, ""iTransformer"": 3}","{""2"": 613}",selection_counts are utilization counts because forecasts are averaged
skipped,forced_exact_k,query_logits,learned_sparse_mixer,2,True,,,,,,{},{},learned sparse queried-subset mixer is not available in the current COSTARTS checkpoint
ok,forced_exact_k,query_logits,model,3,True,0.3692055940628052,0.34475791454315186,0.19412724673748016,0.05106234550476074,3.0,"{""DLinear"": 598, ""ModernTCN"": 0, ""PatchTST"": 0, ""TimesNet"": 0, ""iTransformer"": 15}","{""3"": 613}",
ok,forced_exact_k,query_logits,oracle,3,True,0.3283400237560272,0.2788589894771576,0.7161501049995422,0.010196775197982788,3.0,"{""DLinear"": 194, ""ModernTCN"": 220, ""PatchTST"": 0, ""TimesNet"": 197, ""iTransformer"": 2}","{""3"": 613}",
ok,forced_exact_k,query_logits,equal_average,3,True,0.34937262535095215,0.3159520626068115,,0.031229376792907715,3.0,"{""DLinear"": 598, ""ModernTCN"": 613, ""PatchTST"": 0, ""TimesNet"": 613, ""iTransformer"": 15}","{""3"": 613}",selection_counts are utilization counts because forecasts are averaged
skipped,forced_exact_k,query_logits,learned_sparse_mixer,3,True,,,,,,{},{},learned sparse queried-subset mixer is not available in the current COSTARTS checkpoint
ok,forced_exact_k,query_logits,model,4,True,0.3700985014438629,0.3458804190158844,0.19086460769176483,0.05195525288581848,4.0,"{""DLinear"": 613, ""ModernTCN"": 0, ""PatchTST"": 0, ""TimesNet"": 0, ""iTransformer"": 0}","{""4"": 613}",
ok,forced_exact_k,query_logits,oracle,4,True,0.3201832175254822,0.25975149869918823,0.8580750226974487,0.002039968967437744,4.0,"{""DLinear"": 163, ""ModernTCN"": 200, ""PatchTST"": 0, ""TimesNet"": 155, ""iTransformer"": 95}","{""4"": 613}",
ok,forced_exact_k,query_logits,equal_average,4,True,0.35010042786598206,0.31092873215675354,,0.03195717930793762,4.0,"{""DLinear"": 613, ""ModernTCN"": 613, ""PatchTST"": 0, ""TimesNet"": 613, ""iTransformer"": 613}","{""4"": 613}",selection_counts are utilization counts because forecasts are averaged
skipped,forced_exact_k,query_logits,learned_sparse_mixer,4,True,,,,,,{},{},learned sparse queried-subset mixer is not available in the current COSTARTS checkpoint
ok,forced_exact_k,query_logits,model,5,True,0.3700985014438629,0.3458804190158844,0.19086460769176483,0.05195525288581848,5.0,"{""DLinear"": 613, ""ModernTCN"": 0, ""PatchTST"": 0, ""TimesNet"": 0, ""iTransformer"": 0}","{""5"": 613}",
ok,forced_exact_k,query_logits,oracle,5,True,0.31814324855804443,0.2539284825325012,1.0,0.0,5.0,"{""DLinear"": 117, ""ModernTCN"": 181, ""PatchTST"": 87, ""TimesNet"": 139, ""iTransformer"": 89}","{""5"": 613}",
ok,forced_exact_k,query_logits,equal_average,5,True,0.35006529092788696,0.30973756313323975,,0.03192204236984253,5.0,"{""DLinear"": 613, ""ModernTCN"": 613, ""PatchTST"": 613, ""TimesNet"": 613, ""iTransformer"": 613}","{""5"": 613}",selection_counts are utilization counts because forecasts are averaged
skipped,forced_exact_k,query_logits,learned_sparse_mixer,5,True,,,,,,{},{},learned sparse queried-subset mixer is not available in the current COSTARTS checkpoint
ok,forced_exact_k,predicted_error,model,1,True,0.3653925955295563,0.3352326452732086,0.2349102795124054,0.04724934697151184,1.0,"{""DLinear"": 297, ""ModernTCN"": 316, ""PatchTST"": 0, ""TimesNet"": 0, ""iTransformer"": 0}","{""1"": 613}",
ok,forced_exact_k,predicted_error,oracle,1,True,0.3653925955295563,0.3352326452732086,0.2349102795124054,0.04724934697151184,1.0,"{""DLinear"": 297, ""ModernTCN"": 316, ""PatchTST"": 0, ""TimesNet"": 0, ""iTransformer"": 0}","{""1"": 613}",
ok,forced_exact_k,predicted_error,equal_average,1,True,0.3653925955295563,0.3352326452732086,,0.04724934697151184,1.0,"{""DLinear"": 297, ""ModernTCN"": 316, ""PatchTST"": 0, ""TimesNet"": 0, ""iTransformer"": 0}","{""1"": 613}",selection_counts are utilization counts because forecasts are averaged
skipped,forced_exact_k,predicted_error,learned_sparse_mixer,1,True,,,,,,{},{},learned sparse queried-subset mixer is not available in the current COSTARTS checkpoint
ok,forced_exact_k,predicted_error,model,2,True,0.3700985014438629,0.3458804190158844,0.19086460769176483,0.05195525288581848,2.0,"{""DLinear"": 613, ""ModernTCN"": 0, ""PatchTST"": 0, ""TimesNet"": 0, ""iTransformer"": 0}","{""2"": 613}",
ok,forced_exact_k,predicted_error,oracle,2,True,0.34038734436035156,0.28776469826698303,0.4453507363796234,0.02224409580230713,2.0,"{""DLinear"": 325, ""ModernTCN"": 182, ""PatchTST"": 0, ""TimesNet"": 0, ""iTransformer"": 106}","{""2"": 613}",
ok,forced_exact_k,predicted_error,equal_average,2,True,0.35986068844795227,0.3229352533817291,,0.04171743988990784,2.0,"{""DLinear"": 613, ""ModernTCN"": 354, ""PatchTST"": 0, ""TimesNet"": 0, ""iTransformer"": 259}","{""2"": 613}",selection_counts are utilization counts because forecasts are averaged
skipped,forced_exact_k,predicted_error,learned_sparse_mixer,2,True,,,,,,{},{},learned sparse queried-subset mixer is not available in the current COSTARTS checkpoint
ok,forced_exact_k,predicted_error,model,3,True,0.3700985014438629,0.3458804190158844,0.19086460769176483,0.05195525288581848,3.0,"{""DLinear"": 613, ""ModernTCN"": 0, ""PatchTST"": 0, ""TimesNet"": 0, ""iTransformer"": 0}","{""3"": 613}",
ok,forced_exact_k,predicted_error,oracle,3,True,0.3262849450111389,0.26748719811439514,0.6541598439216614,0.008141696453094482,3.0,"{""DLinear"": 200, ""ModernTCN"": 267, ""PatchTST"": 0, ""TimesNet"": 15, ""iTransformer"": 131}","{""3"": 613}",
ok,forced_exact_k,predicted_error,equal_average,3,True,0.35372719168663025,0.31590524315834045,,0.035583943128585815,3.0,"{""DLinear"": 613, ""ModernTCN"": 591, ""PatchTST"": 0, ""TimesNet"": 38, ""iTransformer"": 597}","{""3"": 613}",selection_counts are utilization counts because forecasts are averaged
skipped,forced_exact_k,predicted_error,learned_sparse_mixer,3,True,,,,,,{},{},learned sparse queried-subset mixer is not available in the current COSTARTS checkpoint
ok,forced_exact_k,predicted_error,model,4,True,0.3700985014438629,0.3458804190158844,0.19086460769176483,0.05195525288581848,4.0,"{""DLinear"": 613, ""ModernTCN"": 0, ""PatchTST"": 0, ""TimesNet"": 0, ""iTransformer"": 0}","{""4"": 613}",
ok,forced_exact_k,predicted_error,oracle,4,True,0.3201832175254822,0.25975149869918823,0.8580750226974487,0.002039968967437744,4.0,"{""DLinear"": 163, ""ModernTCN"": 200, ""PatchTST"": 0, ""TimesNet"": 155, ""iTransformer"": 95}","{""4"": 613}",
ok,forced_exact_k,predicted_error,equal_average,4,True,0.35010042786598206,0.31092873215675354,,0.03195717930793762,4.0,"{""DLinear"": 613, ""ModernTCN"": 613, ""PatchTST"": 0, ""TimesNet"": 613, ""iTransformer"": 613}","{""4"": 613}",selection_counts are utilization counts because forecasts are averaged
skipped,forced_exact_k,predicted_error,learned_sparse_mixer,4,True,,,,,,{},{},learned sparse queried-subset mixer is not available in the current COSTARTS checkpoint
ok,forced_exact_k,predicted_error,model,5,True,0.3700985014438629,0.3458804190158844,0.19086460769176483,0.05195525288581848,5.0,"{""DLinear"": 613, ""ModernTCN"": 0, ""PatchTST"": 0, ""TimesNet"": 0, ""iTransformer"": 0}","{""5"": 613}",
ok,forced_exact_k,predicted_error,oracle,5,True,0.31814324855804443,0.2539284825325012,1.0,0.0,5.0,"{""DLinear"": 117, ""ModernTCN"": 181, ""PatchTST"": 87, ""TimesNet"": 139, ""iTransformer"": 89}","{""5"": 613}",
ok,forced_exact_k,predicted_error,equal_average,5,True,0.35006529092788696,0.30973756313323975,,0.03192204236984253,5.0,"{""DLinear"": 613, ""ModernTCN"": 613, ""PatchTST"": 613, ""TimesNet"": 613, ""iTransformer"": 613}","{""5"": 613}",selection_counts are utilization counts because forecasts are averaged
skipped,forced_exact_k,predicted_error,learned_sparse_mixer,5,True,,,,,,{},{},learned sparse queried-subset mixer is not available in the current COSTARTS checkpoint
ok,forced_exact_k,oracle_improvement,model,1,True,0.3653925955295563,0.3352326452732086,0.2349102795124054,0.04724934697151184,1.0,"{""DLinear"": 297, ""ModernTCN"": 316, ""PatchTST"": 0, ""TimesNet"": 0, ""iTransformer"": 0}","{""1"": 613}",
ok,forced_exact_k,oracle_improvement,oracle,1,True,0.3653925955295563,0.3352326452732086,0.2349102795124054,0.04724934697151184,1.0,"{""DLinear"": 297, ""ModernTCN"": 316, ""PatchTST"": 0, ""TimesNet"": 0, ""iTransformer"": 0}","{""1"": 613}",
ok,forced_exact_k,oracle_improvement,equal_average,1,True,0.3653925955295563,0.3352326452732086,,0.04724934697151184,1.0,"{""DLinear"": 297, ""ModernTCN"": 316, ""PatchTST"": 0, ""TimesNet"": 0, ""iTransformer"": 0}","{""1"": 613}",selection_counts are utilization counts because forecasts are averaged
skipped,forced_exact_k,oracle_improvement,learned_sparse_mixer,1,True,,,,,,{},{},learned sparse queried-subset mixer is not available in the current COSTARTS checkpoint
ok,forced_exact_k,oracle_improvement,model,2,True,0.36354079842567444,0.3335804343223572,0.28874388337135315,0.045397549867630005,2.0,"{""DLinear"": 403, ""ModernTCN"": 201, ""PatchTST"": 0, ""TimesNet"": 0, ""iTransformer"": 9}","{""2"": 613}",
ok,forced_exact_k,oracle_improvement,oracle,2,True,0.31814324855804443,0.2539284825325012,1.0,0.0,2.0,"{""DLinear"": 117, ""ModernTCN"": 181, ""PatchTST"": 87, ""TimesNet"": 139, ""iTransformer"": 89}","{""2"": 613}",
ok,forced_exact_k,oracle_improvement,equal_average,2,True,0.3322700262069702,0.2821846008300781,,0.014126777648925781,2.0,"{""DLinear"": 403, ""ModernTCN"": 412, ""PatchTST"": 135, ""TimesNet"": 169, ""iTransformer"": 107}","{""2"": 613}",selection_counts are utilization counts because forecasts are averaged
skipped,forced_exact_k,oracle_improvement,learned_sparse_mixer,2,True,,,,,,{},{},learned sparse queried-subset mixer is not available in the current COSTARTS checkpoint
ok,forced_exact_k,oracle_improvement,model,3,True,0.36492952704429626,0.33509787917137146,0.2300163060426712,0.04678627848625183,3.0,"{""DLinear"": 496, ""ModernTCN"": 90, ""PatchTST"": 0, ""TimesNet"": 0, ""iTransformer"": 27}","{""3"": 613}",
ok,forced_exact_k,oracle_improvement,oracle,3,True,0.31814324855804443,0.2539284825325012,1.0,0.0,3.0,"{""DLinear"": 117, ""ModernTCN"": 181, ""PatchTST"": 87, ""TimesNet"": 139, ""iTransformer"": 89}","{""3"": 613}",
ok,forced_exact_k,oracle_improvement,equal_average,3,True,0.3316851258277893,0.28208470344543457,,0.013541877269744873,3.0,"{""DLinear"": 496, ""ModernTCN"": 495, ""PatchTST"": 330, ""TimesNet"": 296, ""iTransformer"": 222}","{""3"": 613}",selection_counts are utilization counts because forecasts are averaged
skipped,forced_exact_k,oracle_improvement,learned_sparse_mixer,3,True,,,,,,{},{},learned sparse queried-subset mixer is not available in the current COSTARTS checkpoint
ok,forced_exact_k,oracle_improvement,model,4,True,0.3679823875427246,0.3423621952533722,0.20065252482891083,0.049839138984680176,4.0,"{""DLinear"": 569, ""ModernTCN"": 28, ""PatchTST"": 0, ""TimesNet"": 0, ""iTransformer"": 16}","{""4"": 613}",
ok,forced_exact_k,oracle_improvement,oracle,4,True,0.31814324855804443,0.2539284825325012,1.0,0.0,4.0,"{""DLinear"": 117, ""ModernTCN"": 181, ""PatchTST"": 87, ""TimesNet"": 139, ""iTransformer"": 89}","{""4"": 613}",
ok,forced_exact_k,oracle_improvement,equal_average,4,True,0.33871394395828247,0.2937124967575073,,0.020570695400238037,4.0,"{""DLinear"": 569, ""ModernTCN"": 584, ""PatchTST"": 519, ""TimesNet"": 422, ""iTransformer"": 358}","{""4"": 613}",selection_counts are utilization counts because forecasts are averaged
skipped,forced_exact_k,oracle_improvement,learned_sparse_mixer,4,True,,,,,,{},{},learned sparse queried-subset mixer is not available in the current COSTARTS checkpoint
ok,forced_exact_k,oracle_improvement,model,5,True,0.3700985014438629,0.3458804190158844,0.19086460769176483,0.05195525288581848,5.0,"{""DLinear"": 613, ""ModernTCN"": 0, ""PatchTST"": 0, ""TimesNet"": 0, ""iTransformer"": 0}","{""5"": 613}",
ok,forced_exact_k,oracle_improvement,oracle,5,True,0.31814324855804443,0.2539284825325012,1.0,0.0,5.0,"{""DLinear"": 117, ""ModernTCN"": 181, ""PatchTST"": 87, ""TimesNet"": 139, ""iTransformer"": 89}","{""5"": 613}",
ok,forced_exact_k,oracle_improvement,equal_average,5,True,0.35006535053253174,0.30973756313323975,,0.031922101974487305,5.0,"{""DLinear"": 613, ""ModernTCN"": 613, ""PatchTST"": 613, ""TimesNet"": 613, ""iTransformer"": 613}","{""5"": 613}",selection_counts are utilization counts because forecasts are averaged
skipped,forced_exact_k,oracle_improvement,learned_sparse_mixer,5,True,,,,,,{},{},learned sparse queried-subset mixer is not available in the current COSTARTS checkpoint
skipped,forced_exact_k,pairwise_reranker,model,1,True,,,,,,{},{},pairwise reranker is not available in the current COSTARTS checkpoint
skipped,forced_exact_k,pairwise_reranker,oracle,1,True,,,,,,{},{},pairwise reranker is not available in the current COSTARTS checkpoint
skipped,forced_exact_k,pairwise_reranker,equal_average,1,True,,,,,,{},{},pairwise reranker is not available in the current COSTARTS checkpoint
skipped,forced_exact_k,pairwise_reranker,learned_sparse_mixer,1,True,,,,,,{},{},pairwise reranker is not available in the current COSTARTS checkpoint
skipped,forced_exact_k,pairwise_reranker,model,2,True,,,,,,{},{},pairwise reranker is not available in the current COSTARTS checkpoint
skipped,forced_exact_k,pairwise_reranker,oracle,2,True,,,,,,{},{},pairwise reranker is not available in the current COSTARTS checkpoint
skipped,forced_exact_k,pairwise_reranker,equal_average,2,True,,,,,,{},{},pairwise reranker is not available in the current COSTARTS checkpoint
skipped,forced_exact_k,pairwise_reranker,learned_sparse_mixer,2,True,,,,,,{},{},pairwise reranker is not available in the current COSTARTS checkpoint
skipped,forced_exact_k,pairwise_reranker,model,3,True,,,,,,{},{},pairwise reranker is not available in the current COSTARTS checkpoint
skipped,forced_exact_k,pairwise_reranker,oracle,3,True,,,,,,{},{},pairwise reranker is not available in the current COSTARTS checkpoint
skipped,forced_exact_k,pairwise_reranker,equal_average,3,True,,,,,,{},{},pairwise reranker is not available in the current COSTARTS checkpoint
skipped,forced_exact_k,pairwise_reranker,learned_sparse_mixer,3,True,,,,,,{},{},pairwise reranker is not available in the current COSTARTS checkpoint
skipped,forced_exact_k,pairwise_reranker,model,4,True,,,,,,{},{},pairwise reranker is not available in the current COSTARTS checkpoint
skipped,forced_exact_k,pairwise_reranker,oracle,4,True,,,,,,{},{},pairwise reranker is not available in the current COSTARTS checkpoint
skipped,forced_exact_k,pairwise_reranker,equal_average,4,True,,,,,,{},{},pairwise reranker is not available in the current COSTARTS checkpoint
skipped,forced_exact_k,pairwise_reranker,learned_sparse_mixer,4,True,,,,,,{},{},pairwise reranker is not available in the current COSTARTS checkpoint
skipped,forced_exact_k,pairwise_reranker,model,5,True,,,,,,{},{},pairwise reranker is not available in the current COSTARTS checkpoint
skipped,forced_exact_k,pairwise_reranker,oracle,5,True,,,,,,{},{},pairwise reranker is not available in the current COSTARTS checkpoint
skipped,forced_exact_k,pairwise_reranker,equal_average,5,True,,,,,,{},{},pairwise reranker is not available in the current COSTARTS checkpoint
skipped,forced_exact_k,pairwise_reranker,learned_sparse_mixer,5,True,,,,,,{},{},pairwise reranker is not available in the current COSTARTS checkpoint
ok,no_stop,query_logits,model,5,True,0.3700985014438629,0.3458804190158844,0.19086460769176483,0.05195525288581848,5.0,"{""DLinear"": 613, ""ModernTCN"": 0, ""PatchTST"": 0, ""TimesNet"": 0, ""iTransformer"": 0}","{""5"": 613}",
ok,no_stop,query_logits,oracle,5,True,0.31814324855804443,0.2539284825325012,1.0,0.0,5.0,"{""DLinear"": 117, ""ModernTCN"": 181, ""PatchTST"": 87, ""TimesNet"": 139, ""iTransformer"": 89}","{""5"": 613}",
ok,no_stop,query_logits,equal_average,5,True,0.35006529092788696,0.30973756313323975,,0.03192204236984253,5.0,"{""DLinear"": 613, ""ModernTCN"": 613, ""PatchTST"": 613, ""TimesNet"": 613, ""iTransformer"": 613}","{""5"": 613}",selection_counts are utilization counts because forecasts are averaged
skipped,no_stop,query_logits,learned_sparse_mixer,5,True,,,,,,{},{},learned sparse queried-subset mixer is not available in the current COSTARTS checkpoint
ok,no_stop,predicted_error,model,5,True,0.3700985014438629,0.3458804190158844,0.19086460769176483,0.05195525288581848,5.0,"{""DLinear"": 613, ""ModernTCN"": 0, ""PatchTST"": 0, ""TimesNet"": 0, ""iTransformer"": 0}","{""5"": 613}",
ok,no_stop,predicted_error,oracle,5,True,0.31814324855804443,0.2539284825325012,1.0,0.0,5.0,"{""DLinear"": 117, ""ModernTCN"": 181, ""PatchTST"": 87, ""TimesNet"": 139, ""iTransformer"": 89}","{""5"": 613}",
ok,no_stop,predicted_error,equal_average,5,True,0.35006529092788696,0.30973756313323975,,0.03192204236984253,5.0,"{""DLinear"": 613, ""ModernTCN"": 613, ""PatchTST"": 613, ""TimesNet"": 613, ""iTransformer"": 613}","{""5"": 613}",selection_counts are utilization counts because forecasts are averaged
skipped,no_stop,predicted_error,learned_sparse_mixer,5,True,,,,,,{},{},learned sparse queried-subset mixer is not available in the current COSTARTS checkpoint
ok,no_stop,oracle_improvement,model,5,True,0.3700985014438629,0.3458804190158844,0.19086460769176483,0.05195525288581848,5.0,"{""DLinear"": 613, ""ModernTCN"": 0, ""PatchTST"": 0, ""TimesNet"": 0, ""iTransformer"": 0}","{""5"": 613}",
ok,no_stop,oracle_improvement,oracle,5,True,0.31814324855804443,0.2539284825325012,1.0,0.0,5.0,"{""DLinear"": 117, ""ModernTCN"": 181, ""PatchTST"": 87, ""TimesNet"": 139, ""iTransformer"": 89}","{""5"": 613}",
ok,no_stop,oracle_improvement,equal_average,5,True,0.35006535053253174,0.30973756313323975,,0.031922101974487305,5.0,"{""DLinear"": 613, ""ModernTCN"": 613, ""PatchTST"": 613, ""TimesNet"": 613, ""iTransformer"": 613}","{""5"": 613}",selection_counts are utilization counts because forecasts are averaged
skipped,no_stop,oracle_improvement,learned_sparse_mixer,5,True,,,,,,{},{},learned sparse queried-subset mixer is not available in the current COSTARTS checkpoint
skipped,no_stop,pairwise_reranker,model,5,True,,,,,,{},{},pairwise reranker is not available in the current COSTARTS checkpoint
skipped,no_stop,pairwise_reranker,oracle,5,True,,,,,,{},{},pairwise reranker is not available in the current COSTARTS checkpoint
skipped,no_stop,pairwise_reranker,equal_average,5,True,,,,,,{},{},pairwise reranker is not available in the current COSTARTS checkpoint
skipped,no_stop,pairwise_reranker,learned_sparse_mixer,5,True,,,,,,{},{},pairwise reranker is not available in the current COSTARTS checkpoint
